Input Mass	Matched Mass	Delta	Name	Formula	Ion	LMSD Examples
311.26712	311.2581	.0091	FA 19:2;O	C19H34O3	[M+H]+	https://lipidmaps.org/resources/tools/chemdb_ontology?abbrev=FA 19:2;O
313.272	313.2737	.0017	FA 19:1;O	C19H36O3	[M+H]+	https://lipidmaps.org/resources/tools/chemdb_ontology?abbrev=FA 19:1;O
319.26175	319.2632	.0014	FA 21:4	C21H34O2	[M+H]+	https://lipidmaps.org/resources/tools/chemdb_ontology?abbrev=FA 21:4
319.26175	319.2607	.0010	FA 19:1	C19H36O2Na	[M+Na]+	https://lipidmaps.org/resources/tools/chemdb_ontology?abbrev=FA 19:1
319.26175	319.2607	.0010	SFE 19:1	C19H36O2Na	[M+Na]+	https://lipidmaps.org/resources/tools/chemdb_ontology?abbrev=SFE 19:1
319.26175	319.2607	.0010	WE 19:1	C19H36O2Na	[M+Na]+	https://lipidmaps.org/resources/tools/chemdb_ontology?abbrev=WE 19:1
337.2759	337.2737	.0022	FA 21:3;O	C21H36O3	[M+H]+	https://lipidmaps.org/resources/tools/chemdb_ontology?abbrev=FA 21:3;O
337.2759	337.2713	.0046	FA 19:0;O	C19H38O3Na	[M+Na]+	https://lipidmaps.org/resources/tools/chemdb_ontology?abbrev=FA 19:0;O
341.30576	341.3050	.0007	FA 21:1;O	C21H40O3	[M+H]+	https://lipidmaps.org/resources/tools/chemdb_ontology?abbrev=FA 21:1;O
351.2653	351.2660	.0007	FA 20:0	C20H40O2K	[M+K]+	https://lipidmaps.org/resources/tools/chemdb_ontology?abbrev=FA 20:0
351.2653	351.2660	.0007	SFE 20:0	C20H40O2K	[M+K]+	https://lipidmaps.org/resources/tools/chemdb_ontology?abbrev=SFE 20:0
351.2653	351.2660	.0007	WE 20:0	C20H40O2K	[M+K]+	https://lipidmaps.org/resources/tools/chemdb_ontology?abbrev=WE 20:0
361.20984	361.2139	.0041	FA 20:3;O	C20H34O3K	[M+K]+	https://lipidmaps.org/resources/tools/chemdb_ontology?abbrev=FA 20:3;O
361.27484	361.2737	.0011	FA 23:5;O	C23H36O3	[M+H]+	https://lipidmaps.org/resources/tools/chemdb_ontology?abbrev=FA 23:5;O
363.16473	363.1721	.0074	FA 22:8	C22H28O2K	[M+K]+	https://lipidmaps.org/resources/tools/chemdb_ontology?abbrev=FA 22:8
363.16473	363.1568	.0079	FA 18:4;O3	C18H28O5K	[M+K]+	https://lipidmaps.org/resources/tools/chemdb_ontology?abbrev=FA 18:4;O3
364.2747	364.2822	.0075	Cer 20:1;O2	C20H39NO3Na	[M+Na]+	https://lipidmaps.org/resources/tools/chemdb_ontology?abbrev=Cer 20:1;O2
365.27966	365.2816	.0020	FA 21:0	C21H42O2K	[M+K]+	https://lipidmaps.org/resources/tools/chemdb_ontology?abbrev=FA 21:0
365.27966	365.2816	.0020	SFE 21:0	C21H42O2K	[M+K]+	https://lipidmaps.org/resources/tools/chemdb_ontology?abbrev=SFE 21:0
365.27966	365.2816	.0020	WE 21:0	C21H42O2K	[M+K]+	https://lipidmaps.org/resources/tools/chemdb_ontology?abbrev=WE 21:0
371.31937	371.3156	.0038	FA 22:1;O2	C22H42O4	[M+H]+	https://lipidmaps.org/resources/tools/chemdb_ontology?abbrev=FA 22:1;O2
379.294	379.2843	.0097	FA 23:4;O2	C23H38O4	[M+H]+	https://lipidmaps.org/resources/tools/chemdb_ontology?abbrev=FA 23:4;O2
379.294	379.2843	.0097	FOH 23:5;O3	C23H38O4	[M+H]+	https://lipidmaps.org/resources/tools/chemdb_ontology?abbrev=FOH 23:5;O3
379.294	379.2973	.0033	FA 22:0	C22H44O2K	[M+K]+	https://lipidmaps.org/resources/tools/chemdb_ontology?abbrev=FA 22:0
379.294	379.2973	.0033	SFE 22:0	C22H44O2K	[M+K]+	https://lipidmaps.org/resources/tools/chemdb_ontology?abbrev=SFE 22:0
379.294	379.2973	.0033	WE 22:0	C22H44O2K	[M+K]+	https://lipidmaps.org/resources/tools/chemdb_ontology?abbrev=WE 22:0
387.24365	387.2377	.0059	FA 20:3;O5	C20H34O7	[M+H]+	https://lipidmaps.org/resources/tools/chemdb_ontology?abbrev=FA 20:3;O5
387.24365	387.2506	.0069	FA 22:4;O2	C22H36O4Na	[M+Na]+	https://lipidmaps.org/resources/tools/chemdb_ontology?abbrev=FA 22:4;O2
387.32364	387.3258	.0021	FA 26:5	C26H42O2	[M+H]+	https://lipidmaps.org/resources/tools/chemdb_ontology?abbrev=FA 26:5
387.32364	387.3233	.0003	FA 24:2	C24H44O2Na	[M+Na]+	https://lipidmaps.org/resources/tools/chemdb_ontology?abbrev=FA 24:2
387.32364	387.3233	.0003	WE 24:2	C24H44O2Na	[M+Na]+	https://lipidmaps.org/resources/tools/chemdb_ontology?abbrev=WE 24:2
392.15344	392.1445	.0090	PC 6:0	C14H28NO8PNa	[M+Na]+	https://lipidmaps.org/resources/tools/chemdb_ontology?abbrev=PC 6:0
393.29837	393.2975	.0008	FA 22:1;O2	C22H42O4Na	[M+Na]+	https://lipidmaps.org/resources/tools/chemdb_ontology?abbrev=FA 22:1;O2
397.2282	397.2350	.0068	LPA 15:0	C18H37O7P	[M+H]+	https://lipidmaps.org/resources/tools/chemdb_ontology?abbrev=LPA 15:0
397.2282	397.2351	.0069	FA 20:1;O3	C20H38O5K	[M+K]+	https://lipidmaps.org/resources/tools/chemdb_ontology?abbrev=FA 20:1;O3
397.3082	397.3077	.0005	FA 25:4	C25H42O2Na	[M+Na]+	https://lipidmaps.org/resources/tools/chemdb_ontology?abbrev=FA 25:4
398.23816	398.2302	.0079	LPC 9:0	C17H36NO7P	[M+H]+	https://lipidmaps.org/resources/tools/chemdb_ontology?abbrev=LPC 9:0
398.23816	398.2302	.0079	LPE 12:0	C17H36NO7P	[M+H]+	https://lipidmaps.org/resources/tools/chemdb_ontology?abbrev=LPE 12:0
399.3231	399.3258	.0027	SFE 27:6	C27H42O2	[M+H]+	https://lipidmaps.org/resources/tools/chemdb_ontology?abbrev=SFE 27:6
399.3231	399.3233	.0002	WE 25:3	C25H44O2Na	[M+Na]+	https://lipidmaps.org/resources/tools/chemdb_ontology?abbrev=WE 25:3
401.338	401.3390	.0010	FA 25:2	C25H46O2Na	[M+Na]+	https://lipidmaps.org/resources/tools/chemdb_ontology?abbrev=FA 25:2
408.1477	408.1548	.0071	LPC 7:0	C15H32NO7PK	[M+K]+	https://lipidmaps.org/resources/tools/chemdb_ontology?abbrev=LPC 7:0
409.26764	409.2585	.0092	FA 23:5;O4	C23H36O6	[M+H]+	https://lipidmaps.org/resources/tools/chemdb_ontology?abbrev=FA 23:5;O4
409.26764	409.2715	.0038	FA 22:1;O2	C22H42O4K	[M+K]+	https://lipidmaps.org/resources/tools/chemdb_ontology?abbrev=FA 22:1;O2
415.31738	415.3183	.0009	FA 25:3;O	C25H44O3Na	[M+Na]+	https://lipidmaps.org/resources/tools/chemdb_ontology?abbrev=FA 25:3;O
419.2522	419.2533	.0011	LPA O-16:0	C19H41O6PNa	[M+Na]+	https://lipidmaps.org/resources/tools/chemdb_ontology?abbrev=LPA O-16:0
419.2522	419.2558	.0036	FOH 23:4;O3	C23H40O4K	[M+K]+	https://lipidmaps.org/resources/tools/chemdb_ontology?abbrev=FOH 23:4;O3
420.21716	420.2122	.0050	LPC 9:0	C17H36NO7PNa	[M+Na]+	https://lipidmaps.org/resources/tools/chemdb_ontology?abbrev=LPC 9:0
420.21716	420.2122	.0050	LPE 12:0	C17H36NO7PNa	[M+Na]+	https://lipidmaps.org/resources/tools/chemdb_ontology?abbrev=LPE 12:0
421.2721	421.2715	.0006	FA 23:2;O2	C23H42O4K	[M+K]+	https://lipidmaps.org/resources/tools/chemdb_ontology?abbrev=FA 23:2;O2
423.17203	423.1780	.0059	FA 20:4;O5	C20H32O7K	[M+K]+	https://lipidmaps.org/resources/tools/chemdb_ontology?abbrev=FA 20:4;O5
427.38184	427.3782	.0037	FA 26:1;O2	C26H50O4	[M+H]+	https://lipidmaps.org/resources/tools/chemdb_ontology?abbrev=FA 26:1;O2
429.32175	429.3211	.0007	WE 24:2;O4	C24H44O6	[M+H]+	https://lipidmaps.org/resources/tools/chemdb_ontology?abbrev=WE 24:2;O4
429.32175	429.3129	.0088	FA 26:3	C26H46O2K	[M+K]+	https://lipidmaps.org/resources/tools/chemdb_ontology?abbrev=FA 26:3
429.32175	429.3129	.0088	WE 26:3	C26H46O2K	[M+K]+	https://lipidmaps.org/resources/tools/chemdb_ontology?abbrev=WE 26:3
436.18643	436.1861	.0003	LPC 9:0	C17H36NO7PK	[M+K]+	https://lipidmaps.org/resources/tools/chemdb_ontology?abbrev=LPC 9:0
436.18643	436.1861	.0003	LPE 12:0	C17H36NO7PK	[M+K]+	https://lipidmaps.org/resources/tools/chemdb_ontology?abbrev=LPE 12:0
445.27103	445.2796	.0086	FA 23:3;O6	C23H40O8	[M+H]+	https://lipidmaps.org/resources/tools/chemdb_ontology?abbrev=FA 23:3;O6
445.27103	445.2689	.0021	LPA O-18:1	C21H43O6PNa	[M+Na]+	https://lipidmaps.org/resources/tools/chemdb_ontology?abbrev=LPA O-18:1
447.28592	447.2846	.0013	LPA O-18:0	C21H45O6PNa	[M+Na]+	https://lipidmaps.org/resources/tools/chemdb_ontology?abbrev=LPA O-18:0
457.28046	457.2715	.0090	FA 26:5;O2	C26H42O4K	[M+K]+	https://lipidmaps.org/resources/tools/chemdb_ontology?abbrev=FA 26:5;O2
459.2454	459.2506	.0052	LPA 20:4	C23H39O7P	[M+H]+	https://lipidmaps.org/resources/tools/chemdb_ontology?abbrev=LPA 20:4
459.2454	459.2482	.0028	LPA 18:1	C21H41O7PNa	[M+Na]+	https://lipidmaps.org/resources/tools/chemdb_ontology?abbrev=LPA 18:1
463.22018	463.2221	.0020	LPA 17:0	C20H41O7PK	[M+K]+	https://lipidmaps.org/resources/tools/chemdb_ontology?abbrev=LPA 17:0
466.33005	466.3292	.0009	LPC O-15:1	C23H48NO6P	[M+H]+	https://lipidmaps.org/resources/tools/chemdb_ontology?abbrev=LPC O-15:1
466.33005	466.3292	.0009	LPE O-18:1	C23H48NO6P	[M+H]+	https://lipidmaps.org/resources/tools/chemdb_ontology?abbrev=LPE O-18:1
467.25	467.2406	.0094	FA 23:3;O5	C23H40O7K	[M+K]+	https://lipidmaps.org/resources/tools/chemdb_ontology?abbrev=FA 23:3;O5
469.28992	469.2925	.0026	LPG O-16:1	C22H45O8P	[M+H]+	https://lipidmaps.org/resources/tools/chemdb_ontology?abbrev=LPG O-16:1
469.28992	469.2926	.0027	WE 24:1;O4	C24H46O6K	[M+K]+	https://lipidmaps.org/resources/tools/chemdb_ontology?abbrev=WE 24:1;O4
473.26974	473.2663	.0035	LPA 21:4	C24H41O7P	[M+H]+	https://lipidmaps.org/resources/tools/chemdb_ontology?abbrev=LPA 21:4
473.26974	473.2639	.0059	LPA 19:1	C22H43O7PNa	[M+Na]+	https://lipidmaps.org/resources/tools/chemdb_ontology?abbrev=LPA 19:1
475.21967	475.2221	.0025	LPA 18:1	C21H41O7PK	[M+K]+	https://lipidmaps.org/resources/tools/chemdb_ontology?abbrev=LPA 18:1
478.3295	478.3292	.0003	LPE O-19:2	C24H48NO6P	[M+H]+	https://lipidmaps.org/resources/tools/chemdb_ontology?abbrev=LPE O-19:2
479.23447	479.2380	.0036	LPG 14:0	C20H41O9PNa	[M+Na]+	https://lipidmaps.org/resources/tools/chemdb_ontology?abbrev=LPG 14:0
482.32434	482.3241	.0002	LPC 15:0	C23H48NO7P	[M+H]+	https://lipidmaps.org/resources/tools/chemdb_ontology?abbrev=LPC 15:0
482.32434	482.3241	.0002	LPE 18:0	C23H48NO7P	[M+H]+	https://lipidmaps.org/resources/tools/chemdb_ontology?abbrev=LPE 18:0
482.32434	482.3241	.0002	LPE O-18:1;O	C23H48NO7P	[M+H]+	https://lipidmaps.org/resources/tools/chemdb_ontology?abbrev=LPE O-18:1;O
485.1992	485.1936	.0056	FA 25:8;O5	C25H34O7K	[M+K]+	https://lipidmaps.org/resources/tools/chemdb_ontology?abbrev=FA 25:8;O5
485.1992	485.2065	.0073	LPA 19:3	C22H39O7PK	[M+K]+	https://lipidmaps.org/resources/tools/chemdb_ontology?abbrev=LPA 19:3
485.2642	485.2639	.0003	LPA 20:2	C23H43O7PNa	[M+Na]+	https://lipidmaps.org/resources/tools/chemdb_ontology?abbrev=LPA 20:2
487.2791	487.2819	.0028	LPA 22:4	C25H43O7P	[M+H]+	https://lipidmaps.org/resources/tools/chemdb_ontology?abbrev=LPA 22:4
487.2791	487.2795	.0004	LPA 20:1	C23H45O7PNa	[M+Na]+	https://lipidmaps.org/resources/tools/chemdb_ontology?abbrev=LPA 20:1
495.26373	495.2717	.0080	LPG 17:2	C23H43O9P	[M+H]+	https://lipidmaps.org/resources/tools/chemdb_ontology?abbrev=LPG 17:2
495.26373	495.2717	.0080	PA 20:1;O	C23H43O9P	[M+H]+	https://lipidmaps.org/resources/tools/chemdb_ontology?abbrev=PA 20:1;O
496.33868	496.3398	.0011	LPC 16:0	C24H50NO7P	[M+H]+	https://lipidmaps.org/resources/tools/chemdb_ontology?abbrev=LPC 16:0
496.33868	496.3398	.0011	LPE 19:0	C24H50NO7P	[M+H]+	https://lipidmaps.org/resources/tools/chemdb_ontology?abbrev=LPE 19:0
496.33868	496.3398	.0011	LPE O-19:1;O	C24H50NO7P	[M+H]+	https://lipidmaps.org/resources/tools/chemdb_ontology?abbrev=LPE O-19:1;O
496.33868	496.3398	.0011	PC O-16:0	C24H50NO7P	[M+H]+	https://lipidmaps.org/resources/tools/chemdb_ontology?abbrev=PC O-16:0
497.27866	497.2874	.0087	LPG 17:1	C23H45O9P	[M+H]+	https://lipidmaps.org/resources/tools/chemdb_ontology?abbrev=LPG 17:1
500.3135	500.3111	.0024	LPE O-19:2	C24H48NO6PNa	[M+Na]+	https://lipidmaps.org/resources/tools/chemdb_ontology?abbrev=LPE O-19:2
503.2534	503.2534	.0000	LPA 20:1	C23H45O7PK	[M+K]+	https://lipidmaps.org/resources/tools/chemdb_ontology?abbrev=LPA 20:1
504.28333	504.2851	.0018	LPC O-15:1	C23H48NO6PK	[M+K]+	https://lipidmaps.org/resources/tools/chemdb_ontology?abbrev=LPC O-15:1
504.28333	504.2851	.0018	LPE O-18:1	C23H48NO6PK	[M+K]+	https://lipidmaps.org/resources/tools/chemdb_ontology?abbrev=LPE O-18:1
504.34332	504.3424	.0009	LPC O-16:0	C24H52NO6PNa	[M+Na]+	https://lipidmaps.org/resources/tools/chemdb_ontology?abbrev=LPC O-16:0
506.35825	506.3605	.0022	LPC O-18:2	C26H52NO6P	[M+H]+	https://lipidmaps.org/resources/tools/chemdb_ontology?abbrev=LPC O-18:2
510.35806	510.3554	.0026	LPC 17:0	C25H52NO7P	[M+H]+	https://lipidmaps.org/resources/tools/chemdb_ontology?abbrev=LPC 17:0
510.35806	510.3554	.0026	LPE 20:0	C25H52NO7P	[M+H]+	https://lipidmaps.org/resources/tools/chemdb_ontology?abbrev=LPE 20:0
510.35806	510.3554	.0026	PC O-17:0	C25H52NO7P	[M+H]+	https://lipidmaps.org/resources/tools/chemdb_ontology?abbrev=PC O-17:0
516.2478	516.2487	.0009	LPE 18:2	C23H44NO7PK	[M+K]+	https://lipidmaps.org/resources/tools/chemdb_ontology?abbrev=LPE 18:2
517.32776	517.3265	.0013	LPA 22:0	C25H51O7PNa	[M+Na]+	https://lipidmaps.org/resources/tools/chemdb_ontology?abbrev=LPA 22:0
518.3227	518.3241	.0014	LPC 18:3	C26H48NO7P	[M+H]+	https://lipidmaps.org/resources/tools/chemdb_ontology?abbrev=LPC 18:3
518.3227	518.3217	.0010	LPC 16:0	C24H50NO7PNa	[M+Na]+	https://lipidmaps.org/resources/tools/chemdb_ontology?abbrev=LPC 16:0
518.3227	518.3217	.0010	LPE 19:0	C24H50NO7PNa	[M+Na]+	https://lipidmaps.org/resources/tools/chemdb_ontology?abbrev=LPE 19:0
518.3227	518.3217	.0010	LPE O-19:1;O	C24H50NO7PNa	[M+Na]+	https://lipidmaps.org/resources/tools/chemdb_ontology?abbrev=LPE O-19:1;O
518.3227	518.3217	.0010	PC O-16:0	C24H50NO7PNa	[M+Na]+	https://lipidmaps.org/resources/tools/chemdb_ontology?abbrev=PC O-16:0
519.26263	519.2693	.0067	LPG 17:1	C23H45O9PNa	[M+Na]+	https://lipidmaps.org/resources/tools/chemdb_ontology?abbrev=LPG 17:1
519.3826	519.3809	.0017	FA 33:7;O	C33H52O3Na	[M+Na]+	https://lipidmaps.org/resources/tools/chemdb_ontology?abbrev=FA 33:7;O
521.3975	521.3967	.0008	FA 30:1;O2	C30H58O4K	[M+K]+	https://lipidmaps.org/resources/tools/chemdb_ontology?abbrev=FA 30:1;O2
522.3575	522.3554	.0021	LPC 18:1	C26H52NO7P	[M+H]+	https://lipidmaps.org/resources/tools/chemdb_ontology?abbrev=LPC 18:1
522.3575	522.3554	.0021	PC O-18:1	C26H52NO7P	[M+H]+	https://lipidmaps.org/resources/tools/chemdb_ontology?abbrev=PC O-18:1
524.36743	524.3711	.0036	LPC 18:0	C26H54NO7P	[M+H]+	https://lipidmaps.org/resources/tools/chemdb_ontology?abbrev=LPC 18:0
524.36743	524.3711	.0036	LPE 21:0	C26H54NO7P	[M+H]+	https://lipidmaps.org/resources/tools/chemdb_ontology?abbrev=LPE 21:0
524.36743	524.3711	.0036	PC O-18:0	C26H54NO7P	[M+H]+	https://lipidmaps.org/resources/tools/chemdb_ontology?abbrev=PC O-18:0
531.4071	531.4020	.0051	DG 28:2	C31H56O5Na	[M+Na]+	https://lipidmaps.org/resources/tools/chemdb_ontology?abbrev=DG 28:2
534.292	534.2956	.0036	LPC 16:0	C24H50NO7PK	[M+K]+	https://lipidmaps.org/resources/tools/chemdb_ontology?abbrev=LPC 16:0
534.292	534.2956	.0036	LPE 19:0	C24H50NO7PK	[M+K]+	https://lipidmaps.org/resources/tools/chemdb_ontology?abbrev=LPE 19:0
534.292	534.2956	.0036	LPE O-19:1;O	C24H50NO7PK	[M+K]+	https://lipidmaps.org/resources/tools/chemdb_ontology?abbrev=LPE O-19:1;O
534.292	534.2956	.0036	PC O-16:0	C24H50NO7PK	[M+K]+	https://lipidmaps.org/resources/tools/chemdb_ontology?abbrev=PC O-16:0
535.23694	535.2433	.0063	LPG 17:1	C23H45O9PK	[M+K]+	https://lipidmaps.org/resources/tools/chemdb_ontology?abbrev=LPG 17:1
537.4868	537.4877	.0009	FAHFA 34:1;O	C34H64O4	[M+H]+	https://lipidmaps.org/resources/tools/chemdb_ontology?abbrev=FAHFA 34:1;O
538.5218	538.5194	.0024	Cer 34:1;O2	C34H67NO3	[M+H]+	https://lipidmaps.org/resources/tools/chemdb_ontology?abbrev=Cer 34:1;O2
542.3216	542.3241	.0025	LPC 20:5	C28H48NO7P	[M+H]+	https://lipidmaps.org/resources/tools/chemdb_ontology?abbrev=LPC 20:5
542.3216	542.3217	.0001	LPC 18:2	C26H50NO7PNa	[M+Na]+	https://lipidmaps.org/resources/tools/chemdb_ontology?abbrev=LPC 18:2
546.35144	546.3554	.0040	LPC 20:3	C28H52NO7P	[M+H]+	https://lipidmaps.org/resources/tools/chemdb_ontology?abbrev=LPC 20:3
546.35144	546.3530	.0016	LPC 18:0	C26H54NO7PNa	[M+Na]+	https://lipidmaps.org/resources/tools/chemdb_ontology?abbrev=LPC 18:0
546.35144	546.3530	.0016	LPE 21:0	C26H54NO7PNa	[M+Na]+	https://lipidmaps.org/resources/tools/chemdb_ontology?abbrev=LPE 21:0
546.35144	546.3530	.0016	PC O-18:0	C26H54NO7PNa	[M+Na]+	https://lipidmaps.org/resources/tools/chemdb_ontology?abbrev=PC O-18:0
546.5264	546.5220	.0044	Cer 34:0;O	C34H69NO2Na	[M+Na]+	https://lipidmaps.org/resources/tools/chemdb_ontology?abbrev=Cer 34:0;O
547.4714	547.4721	.0007	FAHFA 35:3;O	C35H62O4	[M+H]+	https://lipidmaps.org/resources/tools/chemdb_ontology?abbrev=FAHFA 35:3;O
548.31134	548.3113	.0000	LPC 17:0	C25H52NO7PK	[M+K]+	https://lipidmaps.org/resources/tools/chemdb_ontology?abbrev=LPC 17:0
548.31134	548.3113	.0000	LPE 20:0	C25H52NO7PK	[M+K]+	https://lipidmaps.org/resources/tools/chemdb_ontology?abbrev=LPE 20:0
548.31134	548.3113	.0000	PC O-17:0	C25H52NO7PK	[M+K]+	https://lipidmaps.org/resources/tools/chemdb_ontology?abbrev=PC O-17:0
549.35626	549.3527	.0036	LPG O-20:0	C26H55O8PNa	[M+Na]+	https://lipidmaps.org/resources/tools/chemdb_ontology?abbrev=LPG O-20:0
550.35626	550.3503	.0059	PC 19:1	C27H52NO8P	[M+H]+	https://lipidmaps.org/resources/tools/chemdb_ontology?abbrev=PC 19:1
551.3712	551.3707	.0005	PA 25:0	C28H55O8P	[M+H]+	https://lipidmaps.org/resources/tools/chemdb_ontology?abbrev=PA 25:0
551.50116	551.5034	.0022	DG O-32:2	C35H66O4	[M+H]+	https://lipidmaps.org/resources/tools/chemdb_ontology?abbrev=DG O-32:2
560.3108	560.3113	.0005	LPC 18:1	C26H52NO7PK	[M+K]+	https://lipidmaps.org/resources/tools/chemdb_ontology?abbrev=LPC 18:1
560.3108	560.3113	.0005	PC O-18:1	C26H52NO7PK	[M+K]+	https://lipidmaps.org/resources/tools/chemdb_ontology?abbrev=PC O-18:1
560.5008	560.5013	.0005	Cer 34:1;O2	C34H67NO3Na	[M+Na]+	https://lipidmaps.org/resources/tools/chemdb_ontology?abbrev=Cer 34:1;O2
562.3257	562.3269	.0012	LPC 18:0	C26H54NO7PK	[M+K]+	https://lipidmaps.org/resources/tools/chemdb_ontology?abbrev=LPC 18:0
562.3257	562.3269	.0012	LPE 21:0	C26H54NO7PK	[M+K]+	https://lipidmaps.org/resources/tools/chemdb_ontology?abbrev=LPE 21:0
562.3257	562.3269	.0012	PC O-18:0	C26H54NO7PK	[M+K]+	https://lipidmaps.org/resources/tools/chemdb_ontology?abbrev=PC O-18:0
565.51556	565.5190	.0035	FAHFA 36:1;O	C36H68O4	[M+H]+	https://lipidmaps.org/resources/tools/chemdb_ontology?abbrev=FAHFA 36:1;O
567.39044	567.3810	.0094	FA 34:6;O2	C34H56O4K	[M+K]+	https://lipidmaps.org/resources/tools/chemdb_ontology?abbrev=FA 34:6;O2
573.48517	573.4853	.0002	DG O-32:2	C35H66O4Na	[M+Na]+	https://lipidmaps.org/resources/tools/chemdb_ontology?abbrev=DG O-32:2
575.5001	575.5034	.0033	FAHFA 37:3;O	C37H66O4	[M+H]+	https://lipidmaps.org/resources/tools/chemdb_ontology?abbrev=FAHFA 37:3;O
576.47504	576.4752	.0002	Cer 34:1;O2	C34H67NO3K	[M+K]+	https://lipidmaps.org/resources/tools/chemdb_ontology?abbrev=Cer 34:1;O2
584.3047	584.3113	.0066	LPC 20:3	C28H52NO7PK	[M+K]+	https://lipidmaps.org/resources/tools/chemdb_ontology?abbrev=LPC 20:3
587.4996	587.5010	.0014	FAHFA 36:1;O	C36H68O4Na	[M+Na]+	https://lipidmaps.org/resources/tools/chemdb_ontology?abbrev=FAHFA 36:1;O
589.47943	589.4826	.0032	DG 34:4	C37H64O5	[M+H]+	https://lipidmaps.org/resources/tools/chemdb_ontology?abbrev=DG 34:4
589.47943	589.4802	.0008	DG 32:1	C35H66O5Na	[M+Na]+	https://lipidmaps.org/resources/tools/chemdb_ontology?abbrev=DG 32:1
589.5195	589.5190	.0005	FAHFA 38:3;O	C38H68O4	[M+H]+	https://lipidmaps.org/resources/tools/chemdb_ontology?abbrev=FAHFA 38:3;O
589.5195	589.5166	.0029	FAHFA 36:0;O	C36H70O4Na	[M+Na]+	https://lipidmaps.org/resources/tools/chemdb_ontology?abbrev=FAHFA 36:0;O
590.3494	590.3428	.0066	LPS 21:0	C27H54NO9PNa	[M+Na]+	https://lipidmaps.org/resources/tools/chemdb_ontology?abbrev=LPS 21:0
590.3494	590.3582	.0088	LPC 20:0	C28H58NO7PK	[M+K]+	https://lipidmaps.org/resources/tools/chemdb_ontology?abbrev=LPC 20:0
590.3494	590.3582	.0088	PC O-20:0	C28H58NO7PK	[M+K]+	https://lipidmaps.org/resources/tools/chemdb_ontology?abbrev=PC O-20:0
591.3594	591.3656	.0062	PA 27:2;O	C30H55O9P	[M+H]+	https://lipidmaps.org/resources/tools/chemdb_ontology?abbrev=PA 27:2;O
591.3594	591.3632	.0038	LPG 22:0	C28H57O9PNa	[M+Na]+	https://lipidmaps.org/resources/tools/chemdb_ontology?abbrev=LPG 22:0
591.4944	591.4983	.0039	DG 34:3	C37H66O5	[M+H]+	https://lipidmaps.org/resources/tools/chemdb_ontology?abbrev=DG 34:3
591.4944	591.4959	.0015	DG 32:0	C35H68O5Na	[M+Na]+	https://lipidmaps.org/resources/tools/chemdb_ontology?abbrev=DG 32:0
593.5093	593.5139	.0046	DG 34:2	C37H68O5	[M+H]+	https://lipidmaps.org/resources/tools/chemdb_ontology?abbrev=DG 34:2
597.4841	597.4853	.0012	FAHFA 37:3;O	C37H66O4Na	[M+Na]+	https://lipidmaps.org/resources/tools/chemdb_ontology?abbrev=FAHFA 37:3;O
599.32404	599.3191	.0050	PG 21:1;O2	C27H51O12P	[M+H]+	https://lipidmaps.org/resources/tools/chemdb_ontology?abbrev=PG 21:1;O2
602.58887	602.5846	.0042	Cer 38:0;O	C38H77NO2Na	[M+Na]+	https://lipidmaps.org/resources/tools/chemdb_ontology?abbrev=Cer 38:0;O
603.5338	603.5323	.0015	DG O-34:1	C37H72O4Na	[M+Na]+	https://lipidmaps.org/resources/tools/chemdb_ontology?abbrev=DG O-34:1
607.43365	607.4333	.0003	PA 29:0	C32H63O8P	[M+H]+	https://lipidmaps.org/resources/tools/chemdb_ontology?abbrev=PA 29:0
607.43365	607.4333	.0004	DG 34:6	C37H60O5Na	[M+Na]+	https://lipidmaps.org/resources/tools/chemdb_ontology?abbrev=DG 34:6
607.4686	607.4697	.0011	PA O-30:0	C33H67O7P	[M+H]+	https://lipidmaps.org/resources/tools/chemdb_ontology?abbrev=PA O-30:0
607.4686	607.4698	.0012	DG 32:0	C35H68O5K	[M+K]+	https://lipidmaps.org/resources/tools/chemdb_ontology?abbrev=DG 32:0
614.3483	614.3582	.0099	LPC 22:2	C30H58NO7PK	[M+K]+	https://lipidmaps.org/resources/tools/chemdb_ontology?abbrev=LPC 22:2
615.4933	615.4983	.0050	DG 36:5	C39H66O5	[M+H]+	https://lipidmaps.org/resources/tools/chemdb_ontology?abbrev=DG 36:5
615.4933	615.4959	.0026	DG 34:2	C37H68O5Na	[M+Na]+	https://lipidmaps.org/resources/tools/chemdb_ontology?abbrev=DG 34:2
616.3582	616.3585	.0003	PC 21:1;O	C29H56NO9PNa	[M+Na]+	https://lipidmaps.org/resources/tools/chemdb_ontology?abbrev=PC 21:1;O
617.5132	617.5139	.0007	DG 36:4	C39H68O5	[M+H]+	https://lipidmaps.org/resources/tools/chemdb_ontology?abbrev=DG 36:4
617.5132	617.5115	.0017	DG 34:1	C37H70O5Na	[M+Na]+	https://lipidmaps.org/resources/tools/chemdb_ontology?abbrev=DG 34:1
619.5281	619.5296	.0015	DG 36:3	C39H70O5	[M+H]+	https://lipidmaps.org/resources/tools/chemdb_ontology?abbrev=DG 36:3
619.5281	619.5272	.0009	DG 34:0	C37H72O5Na	[M+Na]+	https://lipidmaps.org/resources/tools/chemdb_ontology?abbrev=DG 34:0
620.39307	620.3922	.0009	PC 23:2;O	C31H58NO9P	[M+H]+	https://lipidmaps.org/resources/tools/chemdb_ontology?abbrev=PC 23:2;O
620.39307	620.3898	.0033	LPS O-23:0;O	C29H60NO9PNa	[M+Na]+	https://lipidmaps.org/resources/tools/chemdb_ontology?abbrev=LPS O-23:0;O
621.483	621.4854	.0024	PA O-31:0	C34H69O7P	[M+H]+	https://lipidmaps.org/resources/tools/chemdb_ontology?abbrev=PA O-31:0
621.483	621.4855	.0025	DG 33:0	C36H70O5K	[M+K]+	https://lipidmaps.org/resources/tools/chemdb_ontology?abbrev=DG 33:0
622.368	622.3715	.0035	PC 22:2;O2	C30H56NO10P	[M+H]+	https://lipidmaps.org/resources/tools/chemdb_ontology?abbrev=PC 22:2;O2
627.4677	627.4749	.0072	FAHFA 38:3;O	C38H68O4K	[M+K]+	https://lipidmaps.org/resources/tools/chemdb_ontology?abbrev=FAHFA 38:3;O
628.60266	628.6003	.0024	Cer 40:1;O	C40H79NO2Na	[M+Na]+	https://lipidmaps.org/resources/tools/chemdb_ontology?abbrev=Cer 40:1;O
630.3776	630.3741	.0035	PE 25:1;O	C30H58NO9PNa	[M+Na]+	https://lipidmaps.org/resources/tools/chemdb_ontology?abbrev=PE 25:1;O
630.6176	630.6159	.0017	Cer 40:0;O	C40H81NO2Na	[M+Na]+	https://lipidmaps.org/resources/tools/chemdb_ontology?abbrev=Cer 40:0;O
633.4874	633.4854	.0020	PA O-32:1	C35H69O7P	[M+H]+	https://lipidmaps.org/resources/tools/chemdb_ontology?abbrev=PA O-32:1
633.4874	633.4855	.0019	DG 34:1	C37H70O5K	[M+K]+	https://lipidmaps.org/resources/tools/chemdb_ontology?abbrev=DG 34:1
634.4074	634.4078	.0004	PE 27:2;O	C32H60NO9P	[M+H]+	https://lipidmaps.org/resources/tools/chemdb_ontology?abbrev=PE 27:2;O
634.4074	634.4054	.0020	LPS O-24:0;O	C30H62NO9PNa	[M+Na]+	https://lipidmaps.org/resources/tools/chemdb_ontology?abbrev=LPS O-24:0;O
635.5024	635.5010	.0014	PA O-32:0	C35H71O7P	[M+H]+	https://lipidmaps.org/resources/tools/chemdb_ontology?abbrev=PA O-32:0
635.5024	635.5011	.0013	DG 34:0	C37H72O5K	[M+K]+	https://lipidmaps.org/resources/tools/chemdb_ontology?abbrev=DG 34:0
641.5121	641.5139	.0018	DG 38:6	C41H68O5	[M+H]+	https://lipidmaps.org/resources/tools/chemdb_ontology?abbrev=DG 38:6
641.5121	641.5115	.0006	DG 36:3	C39H70O5Na	[M+Na]+	https://lipidmaps.org/resources/tools/chemdb_ontology?abbrev=DG 36:3
643.527	643.5296	.0026	DG 38:5	C41H70O5	[M+H]+	https://lipidmaps.org/resources/tools/chemdb_ontology?abbrev=DG 38:5
643.527	643.5272	.0002	DG 36:2	C39H72O5Na	[M+Na]+	https://lipidmaps.org/resources/tools/chemdb_ontology?abbrev=DG 36:2
644.5969	644.5952	.0017	Cer 40:1;O2	C40H79NO3Na	[M+Na]+	https://lipidmaps.org/resources/tools/chemdb_ontology?abbrev=Cer 40:1;O2
645.54193	645.5452	.0033	DG 38:4	C41H72O5	[M+H]+	https://lipidmaps.org/resources/tools/chemdb_ontology?abbrev=DG 38:4
645.54193	645.5428	.0009	DG 36:1	C39H74O5Na	[M+Na]+	https://lipidmaps.org/resources/tools/chemdb_ontology?abbrev=DG 36:1
646.41187	646.4054	.0064	LPS O-25:1;O	C31H62NO9PNa	[M+Na]+	https://lipidmaps.org/resources/tools/chemdb_ontology?abbrev=LPS O-25:1;O
646.41187	646.4208	.0090	LPC 24:0	C32H66NO7PK	[M+K]+	https://lipidmaps.org/resources/tools/chemdb_ontology?abbrev=LPC 24:0
646.41187	646.4208	.0090	LPE O-27:1;O	C32H66NO7PK	[M+K]+	https://lipidmaps.org/resources/tools/chemdb_ontology?abbrev=LPE O-27:1;O
646.6119	646.6109	.0010	Cer 40:0;O2	C40H81NO3Na	[M+Na]+	https://lipidmaps.org/resources/tools/chemdb_ontology?abbrev=Cer 40:0;O2
648.6268	648.6289	.0021	Cer 42:2;O2	C42H81NO3	[M+H]+	https://lipidmaps.org/resources/tools/chemdb_ontology?abbrev=Cer 42:2;O2
649.5167	649.5167	.0000	PA O-33:0	C36H73O7P	[M+H]+	https://lipidmaps.org/resources/tools/chemdb_ontology?abbrev=PA O-33:0
649.5167	649.5168	.0001	DG 35:0	C38H74O5K	[M+K]+	https://lipidmaps.org/resources/tools/chemdb_ontology?abbrev=DG 35:0
650.4367	650.4391	.0024	LPS O-27:2;O	C33H64NO9P	[M+H]+	https://lipidmaps.org/resources/tools/chemdb_ontology?abbrev=LPS O-27:2;O
650.4367	650.4391	.0024	PC 25:1;O	C33H64NO9P	[M+H]+	https://lipidmaps.org/resources/tools/chemdb_ontology?abbrev=PC 25:1;O
660.4212	660.4211	.0001	LPS O-26:1;O	C32H64NO9PNa	[M+Na]+	https://lipidmaps.org/resources/tools/chemdb_ontology?abbrev=LPS O-26:1;O
661.5212	661.5167	.0045	PA O-34:1	C37H73O7P	[M+H]+	https://lipidmaps.org/resources/tools/chemdb_ontology?abbrev=PA O-34:1
661.5212	661.5168	.0044	DG 36:1	C39H74O5K	[M+K]+	https://lipidmaps.org/resources/tools/chemdb_ontology?abbrev=DG 36:1
670.6108	670.6109	.0001	Cer 42:2;O2	C42H81NO3Na	[M+Na]+	https://lipidmaps.org/resources/tools/chemdb_ontology?abbrev=Cer 42:2;O2
675.44556	675.4360	.0096	PA O-34:5	C37H65O7PNa	[M+Na]+	https://lipidmaps.org/resources/tools/chemdb_ontology?abbrev=PA O-34:5
675.44556	675.4385	.0070	DG 38:8	C41H64O5K	[M+K]+	https://lipidmaps.org/resources/tools/chemdb_ontology?abbrev=DG 38:8
676.4555	676.4548	.0007	PC 27:2;O	C35H66NO9P	[M+H]+	https://lipidmaps.org/resources/tools/chemdb_ontology?abbrev=PC 27:2;O
683.5002	683.5010	.0008	PA O-36:4	C39H71O7P	[M+H]+	https://lipidmaps.org/resources/tools/chemdb_ontology?abbrev=PA O-36:4
683.5002	683.4986	.0016	PA O-34:1	C37H73O7PNa	[M+Na]+	https://lipidmaps.org/resources/tools/chemdb_ontology?abbrev=PA O-34:1
683.5002	683.5011	.0009	DG 38:4	C41H72O5K	[M+K]+	https://lipidmaps.org/resources/tools/chemdb_ontology?abbrev=DG 38:4
686.585	686.5848	.0002	Cer 42:2;O2	C42H81NO3K	[M+K]+	https://lipidmaps.org/resources/tools/chemdb_ontology?abbrev=Cer 42:2;O2
694.5147	694.5228	.0081	HexCer 32:1;O2	C38H73NO8Na	[M+Na]+	https://lipidmaps.org/resources/tools/chemdb_ontology?abbrev=HexCer 32:1;O2
695.45966	695.4646	.0050	PA 36:5	C39H67O8P	[M+H]+	https://lipidmaps.org/resources/tools/chemdb_ontology?abbrev=PA 36:5
695.45966	695.4622	.0026	PA 34:2	C37H69O8PNa	[M+Na]+	https://lipidmaps.org/resources/tools/chemdb_ontology?abbrev=PA 34:2
697.47455	697.4803	.0057	PA 36:4	C39H69O8P	[M+H]+	https://lipidmaps.org/resources/tools/chemdb_ontology?abbrev=PA 36:4
697.47455	697.4779	.0033	PA 34:1	C37H71O8PNa	[M+Na]+	https://lipidmaps.org/resources/tools/chemdb_ontology?abbrev=PA 34:1
701.40936	701.4153	.0059	PA 35:6	C38H63O8PNa	[M+Na]+	https://lipidmaps.org/resources/tools/chemdb_ontology?abbrev=PA 35:6
701.50934	701.5116	.0022	PA 36:2	C39H73O8P	[M+H]+	https://lipidmaps.org/resources/tools/chemdb_ontology?abbrev=PA 36:2
701.50934	701.4994	.0099	SM 31:0;O2	C36H75N2O6PK	[M+K]+	https://lipidmaps.org/resources/tools/chemdb_ontology?abbrev=SM 31:0;O2
702.5443	702.5432	.0011	PC O-31:2	C39H76NO7P	[M+H]+	https://lipidmaps.org/resources/tools/chemdb_ontology?abbrev=PC O-31:2
702.5443	702.5432	.0011	PE O-34:2	C39H76NO7P	[M+H]+	https://lipidmaps.org/resources/tools/chemdb_ontology?abbrev=PE O-34:2
703.5743	703.5748	.0005	SM 34:1;O2	C39H79N2O6P	[M+H]+	https://lipidmaps.org/resources/tools/chemdb_ontology?abbrev=SM 34:1;O2
706.5391	706.5381	.0010	PC 30:0	C38H76NO8P	[M+H]+	https://lipidmaps.org/resources/tools/chemdb_ontology?abbrev=PC 30:0
706.5391	706.5381	.0010	PE 33:0	C38H76NO8P	[M+H]+	https://lipidmaps.org/resources/tools/chemdb_ontology?abbrev=PE 33:0
707.4991	707.5010	.0019	PA O-38:6	C41H71O7P	[M+H]+	https://lipidmaps.org/resources/tools/chemdb_ontology?abbrev=PA O-38:6
707.4991	707.4986	.0005	PA O-36:3	C39H73O7PNa	[M+Na]+	https://lipidmaps.org/resources/tools/chemdb_ontology?abbrev=PA O-36:3
707.4991	707.5011	.0020	DG 40:6	C43H72O5K	[M+K]+	https://lipidmaps.org/resources/tools/chemdb_ontology?abbrev=DG 40:6
709.474	709.4803	.0063	PA 37:5	C40H69O8P	[M+H]+	https://lipidmaps.org/resources/tools/chemdb_ontology?abbrev=PA 37:5
709.474	709.4779	.0039	PA 35:2	C38H71O8PNa	[M+Na]+	https://lipidmaps.org/resources/tools/chemdb_ontology?abbrev=PA 35:2
709.474	709.4802	.0062	DG 42:11	C45H66O5Na	[M+Na]+	https://lipidmaps.org/resources/tools/chemdb_ontology?abbrev=DG 42:11
709.514	709.5167	.0027	PA O-38:5	C41H73O7P	[M+H]+	https://lipidmaps.org/resources/tools/chemdb_ontology?abbrev=PA O-38:5
709.514	709.5143	.0003	PA O-36:2	C39H75O7PNa	[M+Na]+	https://lipidmaps.org/resources/tools/chemdb_ontology?abbrev=PA O-36:2
709.514	709.5168	.0028	DG 40:5	C43H74O5K	[M+K]+	https://lipidmaps.org/resources/tools/chemdb_ontology?abbrev=DG 40:5
710.48395	710.4755	.0084	PE 34:5	C39H68NO8P	[M+H]+	https://lipidmaps.org/resources/tools/chemdb_ontology?abbrev=PE 34:5
711.4339	711.4362	.0023	PA 34:2	C37H69O8PK	[M+K]+	https://lipidmaps.org/resources/tools/chemdb_ontology?abbrev=PA 34:2
712.67883	712.6813	.0025	Cer 44:0;O4	C44H89NO5	[M+H]+	https://lipidmaps.org/resources/tools/chemdb_ontology?abbrev=Cer 44:0;O4
713.4488	713.4388	.0100	PG 32:5	C38H65O10P	[M+H]+	https://lipidmaps.org/resources/tools/chemdb_ontology?abbrev=PG 32:5
713.4488	713.4518	.0030	PA 34:1	C37H71O8PK	[M+K]+	https://lipidmaps.org/resources/tools/chemdb_ontology?abbrev=PA 34:1
718.5386	718.5381	.0005	PC 31:1	C39H76NO8P	[M+H]+	https://lipidmaps.org/resources/tools/chemdb_ontology?abbrev=PC 31:1
718.5386	718.5381	.0005	PE 34:1	C39H76NO8P	[M+H]+	https://lipidmaps.org/resources/tools/chemdb_ontology?abbrev=PE 34:1
718.5736	718.5745	.0009	PC O-32:1	C40H80NO7P	[M+H]+	https://lipidmaps.org/resources/tools/chemdb_ontology?abbrev=PC O-32:1
718.5736	718.5745	.0009	PE O-35:1	C40H80NO7P	[M+H]+	https://lipidmaps.org/resources/tools/chemdb_ontology?abbrev=PE O-35:1
718.5736	718.5828	.0092	HexCer 34:0;O3	C40H79NO9	[M+H]+	https://lipidmaps.org/resources/tools/chemdb_ontology?abbrev=HexCer 34:0;O3
719.45856	719.4646	.0061	PA 38:7	C41H67O8P	[M+H]+	https://lipidmaps.org/resources/tools/chemdb_ontology?abbrev=PA 38:7
719.45856	719.4622	.0037	PA 36:4	C39H69O8PNa	[M+Na]+	https://lipidmaps.org/resources/tools/chemdb_ontology?abbrev=PA 36:4
719.45856	719.4624	.0038	PG O-30:0	C36H73O9PK	[M+K]+	https://lipidmaps.org/resources/tools/chemdb_ontology?abbrev=PG O-30:0
720.5885	720.5902	.0017	PC O-32:0	C40H82NO7P	[M+H]+	https://lipidmaps.org/resources/tools/chemdb_ontology?abbrev=PC O-32:0
720.5885	720.5902	.0017	PE O-35:0	C40H82NO7P	[M+H]+	https://lipidmaps.org/resources/tools/chemdb_ontology?abbrev=PE O-35:0
720.5885	720.5903	.0018	Cer 42:1;O4	C42H83NO5K	[M+K]+	https://lipidmaps.org/resources/tools/chemdb_ontology?abbrev=Cer 42:1;O4
721.47845	721.4803	.0018	PA 38:6	C41H69O8P	[M+H]+	https://lipidmaps.org/resources/tools/chemdb_ontology?abbrev=PA 38:6
721.47845	721.4779	.0006	PA 36:3	C39H71O8PNa	[M+Na]+	https://lipidmaps.org/resources/tools/chemdb_ontology?abbrev=PA 36:3
723.49335	723.4959	.0026	PA 38:5	C41H71O8P	[M+H]+	https://lipidmaps.org/resources/tools/chemdb_ontology?abbrev=PA 38:5
723.49335	723.4935	.0002	PA 36:2	C39H73O8PNa	[M+Na]+	https://lipidmaps.org/resources/tools/chemdb_ontology?abbrev=PA 36:2
723.54333	723.5411	.0022	SM 34:2;O2	C39H77N2O6PNa	[M+Na]+	https://lipidmaps.org/resources/tools/chemdb_ontology?abbrev=SM 34:2;O2
724.5283	724.5276	.0007	PE O-36:5	C41H74NO7P	[M+H]+	https://lipidmaps.org/resources/tools/chemdb_ontology?abbrev=PE O-36:5
724.5283	724.5252	.0031	PC O-31:2	C39H76NO7PNa	[M+Na]+	https://lipidmaps.org/resources/tools/chemdb_ontology?abbrev=PC O-31:2
724.5283	724.5252	.0031	PE O-34:2	C39H76NO7PNa	[M+Na]+	https://lipidmaps.org/resources/tools/chemdb_ontology?abbrev=PE O-34:2
725.4483	725.4518	.0035	PA 35:2	C38H71O8PK	[M+K]+	https://lipidmaps.org/resources/tools/chemdb_ontology?abbrev=PA 35:2
725.4483	725.4542	.0059	DG 42:11	C45H66O5K	[M+K]+	https://lipidmaps.org/resources/tools/chemdb_ontology?abbrev=DG 42:11
725.5533	725.5568	.0035	SM 34:1;O2	C39H79N2O6PNa	[M+Na]+	https://lipidmaps.org/resources/tools/chemdb_ontology?abbrev=SM 34:1;O2
725.5533	725.5456	.0077	PA O-37:1	C40H79O7PNa	[M+Na]+	https://lipidmaps.org/resources/tools/chemdb_ontology?abbrev=PA O-37:1
725.5533	725.5481	.0052	DG 41:4	C44H78O5K	[M+K]+	https://lipidmaps.org/resources/tools/chemdb_ontology?abbrev=DG 41:4
727.5182	727.5272	.0090	PA 38:3	C41H75O8P	[M+H]+	https://lipidmaps.org/resources/tools/chemdb_ontology?abbrev=PA 38:3
727.5182	727.5248	.0066	PA 36:0	C39H77O8PNa	[M+Na]+	https://lipidmaps.org/resources/tools/chemdb_ontology?abbrev=PA 36:0
727.5182	727.5151	.0031	SM 33:1;O2	C38H77N2O6PK	[M+K]+	https://lipidmaps.org/resources/tools/chemdb_ontology?abbrev=SM 33:1;O2
728.5181	728.5225	.0044	PC 32:3	C40H74NO8P	[M+H]+	https://lipidmaps.org/resources/tools/chemdb_ontology?abbrev=PC 32:3
728.5181	728.5225	.0044	PE 35:3	C40H74NO8P	[M+H]+	https://lipidmaps.org/resources/tools/chemdb_ontology?abbrev=PE 35:3
728.5181	728.5201	.0020	PC 30:0	C38H76NO8PNa	[M+Na]+	https://lipidmaps.org/resources/tools/chemdb_ontology?abbrev=PC 30:0
728.5181	728.5201	.0020	PE 33:0	C38H76NO8PNa	[M+Na]+	https://lipidmaps.org/resources/tools/chemdb_ontology?abbrev=PE 33:0
729.4781	729.4701	.0080	PG 33:4	C39H69O10P	[M+H]+	https://lipidmaps.org/resources/tools/chemdb_ontology?abbrev=PG 33:4
729.4781	729.4830	.0049	PA O-38:6	C41H71O7PNa	[M+Na]+	https://lipidmaps.org/resources/tools/chemdb_ontology?abbrev=PA O-38:6
729.4781	729.4831	.0050	PA 35:0	C38H75O8PK	[M+K]+	https://lipidmaps.org/resources/tools/chemdb_ontology?abbrev=PA 35:0
729.4781	729.4855	.0074	DG 42:9	C45H70O5K	[M+K]+	https://lipidmaps.org/resources/tools/chemdb_ontology?abbrev=DG 42:9
730.538	730.5381	.0001	PC 32:2	C40H76NO8P	[M+H]+	https://lipidmaps.org/resources/tools/chemdb_ontology?abbrev=PC 32:2
730.538	730.5381	.0001	PE 35:2	C40H76NO8P	[M+H]+	https://lipidmaps.org/resources/tools/chemdb_ontology?abbrev=PE 35:2
730.57306	730.5745	.0015	PC O-33:2	C41H80NO7P	[M+H]+	https://lipidmaps.org/resources/tools/chemdb_ontology?abbrev=PC O-33:2
730.57306	730.5745	.0015	PE O-36:2	C41H80NO7P	[M+H]+	https://lipidmaps.org/resources/tools/chemdb_ontology?abbrev=PE O-36:2
731.498	731.4986	.0006	PA O-38:5	C41H73O7PNa	[M+Na]+	https://lipidmaps.org/resources/tools/chemdb_ontology?abbrev=PA O-38:5
731.498	731.5011	.0031	DG 42:8	C45H72O5K	[M+K]+	https://lipidmaps.org/resources/tools/chemdb_ontology?abbrev=DG 42:8
731.60297	731.6061	.0032	SM 36:1;O2	C41H83N2O6P	[M+H]+	https://lipidmaps.org/resources/tools/chemdb_ontology?abbrev=SM 36:1;O2
731.60297	731.5949	.0081	PA O-39:1	C42H83O7P	[M+H]+	https://lipidmaps.org/resources/tools/chemdb_ontology?abbrev=PA O-39:1
731.60297	731.5950	.0079	DG 41:1	C44H84O5K	[M+K]+	https://lipidmaps.org/resources/tools/chemdb_ontology?abbrev=DG 41:1
732.553	732.5538	.0008	PC 32:1	C40H78NO8P	[M+H]+	https://lipidmaps.org/resources/tools/chemdb_ontology?abbrev=PC 32:1
732.553	732.5538	.0008	PE 35:1	C40H78NO8P	[M+H]+	https://lipidmaps.org/resources/tools/chemdb_ontology?abbrev=PE 35:1
732.553	732.5620	.0090	HexCer 34:1;O4	C40H77NO10	[M+H]+	https://lipidmaps.org/resources/tools/chemdb_ontology?abbrev=HexCer 34:1;O4
733.5179	733.5167	.0012	PA O-40:7	C43H73O7P	[M+H]+	https://lipidmaps.org/resources/tools/chemdb_ontology?abbrev=PA O-40:7
733.5179	733.5143	.0036	PA O-38:4	C41H75O7PNa	[M+Na]+	https://lipidmaps.org/resources/tools/chemdb_ontology?abbrev=PA O-38:4
733.5179	733.5168	.0011	DG 42:7	C45H74O5K	[M+K]+	https://lipidmaps.org/resources/tools/chemdb_ontology?abbrev=DG 42:7
734.5679	734.5694	.0015	PC 32:0	C40H80NO8P	[M+H]+	https://lipidmaps.org/resources/tools/chemdb_ontology?abbrev=PC 32:0
734.5679	734.5694	.0015	PE 35:0	C40H80NO8P	[M+H]+	https://lipidmaps.org/resources/tools/chemdb_ontology?abbrev=PE 35:0
735.4328	735.4362	.0034	PA 36:4	C39H69O8PK	[M+K]+	https://lipidmaps.org/resources/tools/chemdb_ontology?abbrev=PA 36:4
735.4928	735.4959	.0031	PA 39:6	C42H71O8P	[M+H]+	https://lipidmaps.org/resources/tools/chemdb_ontology?abbrev=PA 39:6
735.4928	735.4935	.0007	PA 37:3	C40H73O8PNa	[M+Na]+	https://lipidmaps.org/resources/tools/chemdb_ontology?abbrev=PA 37:3
735.4928	735.4959	.0031	DG 44:12	C47H68O5Na	[M+Na]+	https://lipidmaps.org/resources/tools/chemdb_ontology?abbrev=DG 44:12
735.53284	735.5323	.0005	PA O-40:6	C43H75O7P	[M+H]+	https://lipidmaps.org/resources/tools/chemdb_ontology?abbrev=PA O-40:6
735.53284	735.5299	.0029	PA O-38:3	C41H77O7PNa	[M+Na]+	https://lipidmaps.org/resources/tools/chemdb_ontology?abbrev=PA O-38:3
735.53284	735.5324	.0004	DG 42:6	C45H76O5K	[M+K]+	https://lipidmaps.org/resources/tools/chemdb_ontology?abbrev=DG 42:6
737.4527	737.4518	.0009	PA 36:3	C39H71O8PK	[M+K]+	https://lipidmaps.org/resources/tools/chemdb_ontology?abbrev=PA 36:3
737.50775	737.5116	.0038	PA 39:5	C42H73O8P	[M+H]+	https://lipidmaps.org/resources/tools/chemdb_ontology?abbrev=PA 39:5
737.50775	737.5092	.0014	PA 37:2	C40H75O8PNa	[M+Na]+	https://lipidmaps.org/resources/tools/chemdb_ontology?abbrev=PA 37:2
737.50775	737.5115	.0038	DG 44:11	C47H70O5Na	[M+Na]+	https://lipidmaps.org/resources/tools/chemdb_ontology?abbrev=DG 44:11
738.5127	738.5068	.0059	PC 33:5	C41H72NO8P	[M+H]+	https://lipidmaps.org/resources/tools/chemdb_ontology?abbrev=PC 33:5
738.5127	738.5068	.0059	PE 36:5	C41H72NO8P	[M+H]+	https://lipidmaps.org/resources/tools/chemdb_ontology?abbrev=PE 36:5
738.5127	738.5044	.0083	PC 31:2	C39H74NO8PNa	[M+Na]+	https://lipidmaps.org/resources/tools/chemdb_ontology?abbrev=PC 31:2
738.5127	738.5044	.0083	PE 34:2	C39H74NO8PNa	[M+Na]+	https://lipidmaps.org/resources/tools/chemdb_ontology?abbrev=PE 34:2
739.46765	739.4675	.0002	PA 36:2	C39H73O8PK	[M+K]+	https://lipidmaps.org/resources/tools/chemdb_ontology?abbrev=PA 36:2
740.5226	740.5225	.0001	PC 33:4	C41H74NO8P	[M+H]+	https://lipidmaps.org/resources/tools/chemdb_ontology?abbrev=PC 33:4
740.5226	740.5225	.0001	PE 36:4	C41H74NO8P	[M+H]+	https://lipidmaps.org/resources/tools/chemdb_ontology?abbrev=PE 36:4
740.5226	740.5225	.0001	PE O-36:5;O	C41H74NO8P	[M+H]+	https://lipidmaps.org/resources/tools/chemdb_ontology?abbrev=PE O-36:5;O
740.5226	740.5201	.0025	PC 31:1	C39H76NO8PNa	[M+Na]+	https://lipidmaps.org/resources/tools/chemdb_ontology?abbrev=PC 31:1
740.5226	740.5201	.0025	PE 34:1	C39H76NO8PNa	[M+Na]+	https://lipidmaps.org/resources/tools/chemdb_ontology?abbrev=PE 34:1
740.5526	740.5589	.0063	PC O-34:4	C42H78NO7P	[M+H]+	https://lipidmaps.org/resources/tools/chemdb_ontology?abbrev=PC O-34:4
740.5526	740.5565	.0039	PC O-32:1	C40H80NO7PNa	[M+Na]+	https://lipidmaps.org/resources/tools/chemdb_ontology?abbrev=PC O-32:1
740.5526	740.5565	.0039	PE O-35:1	C40H80NO7PNa	[M+Na]+	https://lipidmaps.org/resources/tools/chemdb_ontology?abbrev=PE O-35:1
740.5526	740.5437	.0089	HexCer 34:0;O2	C40H79NO8K	[M+K]+	https://lipidmaps.org/resources/tools/chemdb_ontology?abbrev=HexCer 34:0;O2
740.7076	740.7126	.0050	Cer 46:0;O4	C46H93NO5	[M+H]+	https://lipidmaps.org/resources/tools/chemdb_ontology?abbrev=Cer 46:0;O4
741.5275	741.5307	.0032	SM 34:1;O2	C39H79N2O6PK	[M+K]+	https://lipidmaps.org/resources/tools/chemdb_ontology?abbrev=SM 34:1;O2
741.5275	741.5195	.0080	PA O-37:1	C40H79O7PK	[M+K]+	https://lipidmaps.org/resources/tools/chemdb_ontology?abbrev=PA O-37:1
742.5675	742.5745	.0070	PC O-34:3	C42H80NO7P	[M+H]+	https://lipidmaps.org/resources/tools/chemdb_ontology?abbrev=PC O-34:3
742.5675	742.5745	.0070	PE O-37:3	C42H80NO7P	[M+H]+	https://lipidmaps.org/resources/tools/chemdb_ontology?abbrev=PE O-37:3
742.5675	742.5721	.0046	PC O-32:0	C40H82NO7PNa	[M+Na]+	https://lipidmaps.org/resources/tools/chemdb_ontology?abbrev=PC O-32:0
742.5675	742.5721	.0046	PE O-35:0	C40H82NO7PNa	[M+Na]+	https://lipidmaps.org/resources/tools/chemdb_ontology?abbrev=PE O-35:0
744.49243	744.4939	.0014	PE O-36:6	C41H72NO7PNa	[M+Na]+	https://lipidmaps.org/resources/tools/chemdb_ontology?abbrev=PE O-36:6
744.49243	744.4940	.0016	PC 30:0	C38H76NO8PK	[M+K]+	https://lipidmaps.org/resources/tools/chemdb_ontology?abbrev=PC 30:0
744.49243	744.4940	.0016	PE 33:0	C38H76NO8PK	[M+K]+	https://lipidmaps.org/resources/tools/chemdb_ontology?abbrev=PE 33:0
744.5874	744.5902	.0028	PC O-34:2	C42H82NO7P	[M+H]+	https://lipidmaps.org/resources/tools/chemdb_ontology?abbrev=PC O-34:2
744.5874	744.5902	.0028	PE O-37:2	C42H82NO7P	[M+H]+	https://lipidmaps.org/resources/tools/chemdb_ontology?abbrev=PE O-37:2
745.47736	745.4803	.0029	PA 40:8	C43H69O8P	[M+H]+	https://lipidmaps.org/resources/tools/chemdb_ontology?abbrev=PA 40:8
745.47736	745.4779	.0005	PA 38:5	C41H71O8PNa	[M+Na]+	https://lipidmaps.org/resources/tools/chemdb_ontology?abbrev=PA 38:5
745.47736	745.4780	.0007	PG O-32:1	C38H75O9PK	[M+K]+	https://lipidmaps.org/resources/tools/chemdb_ontology?abbrev=PG O-32:1
746.5673	746.5694	.0021	PC 33:1	C41H80NO8P	[M+H]+	https://lipidmaps.org/resources/tools/chemdb_ontology?abbrev=PC 33:1
746.5673	746.5694	.0021	PE 36:1	C41H80NO8P	[M+H]+	https://lipidmaps.org/resources/tools/chemdb_ontology?abbrev=PE 36:1
746.6023	746.6058	.0035	PC O-34:1	C42H84NO7P	[M+H]+	https://lipidmaps.org/resources/tools/chemdb_ontology?abbrev=PC O-34:1
746.6023	746.6058	.0035	PE O-37:1	C42H84NO7P	[M+H]+	https://lipidmaps.org/resources/tools/chemdb_ontology?abbrev=PE O-37:1
747.49225	747.4959	.0037	PA 40:7	C43H71O8P	[M+H]+	https://lipidmaps.org/resources/tools/chemdb_ontology?abbrev=PA 40:7
747.49225	747.4935	.0013	PA 38:4	C41H73O8PNa	[M+Na]+	https://lipidmaps.org/resources/tools/chemdb_ontology?abbrev=PA 38:4
747.49225	747.4937	.0014	PG O-32:0	C38H77O9PK	[M+K]+	https://lipidmaps.org/resources/tools/chemdb_ontology?abbrev=PG O-32:0
749.5072	749.5116	.0044	PA 40:6	C43H73O8P	[M+H]+	https://lipidmaps.org/resources/tools/chemdb_ontology?abbrev=PA 40:6
749.5072	749.5092	.0020	PA 38:3	C41H75O8PNa	[M+Na]+	https://lipidmaps.org/resources/tools/chemdb_ontology?abbrev=PA 38:3
750.5421	750.5432	.0011	PE O-38:6	C43H76NO7P	[M+H]+	https://lipidmaps.org/resources/tools/chemdb_ontology?abbrev=PE O-38:6
750.5421	750.5408	.0013	PC O-33:3	C41H78NO7PNa	[M+Na]+	https://lipidmaps.org/resources/tools/chemdb_ontology?abbrev=PC O-33:3
750.5421	750.5408	.0013	PE O-36:3	C41H78NO7PNa	[M+Na]+	https://lipidmaps.org/resources/tools/chemdb_ontology?abbrev=PE O-36:3
750.5421	750.5490	.0069	HexCer 35:2;O3	C41H77NO9Na	[M+Na]+	https://lipidmaps.org/resources/tools/chemdb_ontology?abbrev=HexCer 35:2;O3
751.4621	751.4675	.0054	PA 37:3	C40H73O8PK	[M+K]+	https://lipidmaps.org/resources/tools/chemdb_ontology?abbrev=PA 37:3
751.4621	751.4698	.0077	DG 44:12	C47H68O5K	[M+K]+	https://lipidmaps.org/resources/tools/chemdb_ontology?abbrev=DG 44:12
751.5221	751.5272	.0051	PA 40:5	C43H75O8P	[M+H]+	https://lipidmaps.org/resources/tools/chemdb_ontology?abbrev=PA 40:5
751.5221	751.5248	.0027	PA 38:2	C41H77O8PNa	[M+Na]+	https://lipidmaps.org/resources/tools/chemdb_ontology?abbrev=PA 38:2
752.55707	752.5589	.0018	PE O-38:5	C43H78NO7P	[M+H]+	https://lipidmaps.org/resources/tools/chemdb_ontology?abbrev=PE O-38:5
752.55707	752.5565	.0006	PC O-33:2	C41H80NO7PNa	[M+Na]+	https://lipidmaps.org/resources/tools/chemdb_ontology?abbrev=PC O-33:2
752.55707	752.5565	.0006	PE O-36:2	C41H80NO7PNa	[M+Na]+	https://lipidmaps.org/resources/tools/chemdb_ontology?abbrev=PE O-36:2
753.482	753.4831	.0011	PA 37:2	C40H75O8PK	[M+K]+	https://lipidmaps.org/resources/tools/chemdb_ontology?abbrev=PA 37:2
753.482	753.4855	.0035	DG 44:11	C47H70O5K	[M+K]+	https://lipidmaps.org/resources/tools/chemdb_ontology?abbrev=DG 44:11
753.587	753.5881	.0011	SM 36:1;O2	C41H83N2O6PNa	[M+Na]+	https://lipidmaps.org/resources/tools/chemdb_ontology?abbrev=SM 36:1;O2
753.587	753.5794	.0076	DG 43:4	C46H82O5K	[M+K]+	https://lipidmaps.org/resources/tools/chemdb_ontology?abbrev=DG 43:4
754.5369	754.5381	.0012	PC 34:4	C42H76NO8P	[M+H]+	https://lipidmaps.org/resources/tools/chemdb_ontology?abbrev=PC 34:4
754.5369	754.5381	.0012	PE 37:4	C42H76NO8P	[M+H]+	https://lipidmaps.org/resources/tools/chemdb_ontology?abbrev=PE 37:4
754.5369	754.5357	.0012	PC 32:1	C40H78NO8PNa	[M+Na]+	https://lipidmaps.org/resources/tools/chemdb_ontology?abbrev=PC 32:1
754.5369	754.5357	.0012	PE 35:1	C40H78NO8PNa	[M+Na]+	https://lipidmaps.org/resources/tools/chemdb_ontology?abbrev=PE 35:1
754.5369	754.5440	.0071	HexCer 34:1;O4	C40H77NO10Na	[M+Na]+	https://lipidmaps.org/resources/tools/chemdb_ontology?abbrev=HexCer 34:1;O4
756.4919	756.4940	.0021	PC 31:1	C39H76NO8PK	[M+K]+	https://lipidmaps.org/resources/tools/chemdb_ontology?abbrev=PC 31:1
756.4919	756.4940	.0021	PE 34:1	C39H76NO8PK	[M+K]+	https://lipidmaps.org/resources/tools/chemdb_ontology?abbrev=PE 34:1
756.5519	756.5538	.0019	PC 34:3	C42H78NO8P	[M+H]+	https://lipidmaps.org/resources/tools/chemdb_ontology?abbrev=PC 34:3
756.5519	756.5538	.0019	PE 37:3	C42H78NO8P	[M+H]+	https://lipidmaps.org/resources/tools/chemdb_ontology?abbrev=PE 37:3
756.5519	756.5514	.0005	PC 32:0	C40H80NO8PNa	[M+Na]+	https://lipidmaps.org/resources/tools/chemdb_ontology?abbrev=PC 32:0
756.5519	756.5514	.0005	PE 35:0	C40H80NO8PNa	[M+Na]+	https://lipidmaps.org/resources/tools/chemdb_ontology?abbrev=PE 35:0
758.5118	758.5097	.0021	PC 31:0	C39H78NO8PK	[M+K]+	https://lipidmaps.org/resources/tools/chemdb_ontology?abbrev=PC 31:0
758.5118	758.5097	.0021	PE 34:0	C39H78NO8PK	[M+K]+	https://lipidmaps.org/resources/tools/chemdb_ontology?abbrev=PE 34:0
758.53674	758.5330	.0037	PS O-35:3	C41H76NO9P	[M+H]+	https://lipidmaps.org/resources/tools/chemdb_ontology?abbrev=PS O-35:3
758.53674	758.5306	.0061	PS O-33:0	C39H78NO9PNa	[M+Na]+	https://lipidmaps.org/resources/tools/chemdb_ontology?abbrev=PS O-33:0
758.53674	758.5460	.0093	PC O-32:0	C40H82NO7PK	[M+K]+	https://lipidmaps.org/resources/tools/chemdb_ontology?abbrev=PC O-32:0
758.53674	758.5460	.0093	PE O-35:0	C40H82NO7PK	[M+K]+	https://lipidmaps.org/resources/tools/chemdb_ontology?abbrev=PE O-35:0
758.5668	758.5694	.0026	PE 37:2	C42H80NO8P	[M+H]+	https://lipidmaps.org/resources/tools/chemdb_ontology?abbrev=PE 37:2
758.5668	758.5694	.0026	PC 34:2	C42H80NO8P	[M+H]+	https://lipidmaps.org/resources/tools/chemdb_ontology?abbrev=PC 34:2
760.58167	760.5851	.0034	PE 37:1	C42H82NO8P	[M+H]+	https://lipidmaps.org/resources/tools/chemdb_ontology?abbrev=PE 37:1
760.58167	760.5851	.0034	PC 34:1	C42H82NO8P	[M+H]+	https://lipidmaps.org/resources/tools/chemdb_ontology?abbrev=PC 34:1
761.45166	761.4518	.0002	PA 38:5	C41H71O8PK	[M+K]+	https://lipidmaps.org/resources/tools/chemdb_ontology?abbrev=PA 38:5
763.46155	763.4545	.0071	PG 36:8	C42H67O10P	[M+H]+	https://lipidmaps.org/resources/tools/chemdb_ontology?abbrev=PG 36:8
763.46155	763.4521	.0095	PG 34:5	C40H69O10PNa	[M+Na]+	https://lipidmaps.org/resources/tools/chemdb_ontology?abbrev=PG 34:5
763.46155	763.4675	.0059	PA 38:4	C41H73O8PK	[M+K]+	https://lipidmaps.org/resources/tools/chemdb_ontology?abbrev=PA 38:4
764.5215	764.5225	.0010	PC 35:6	C43H74NO8P	[M+H]+	https://lipidmaps.org/resources/tools/chemdb_ontology?abbrev=PC 35:6
764.5215	764.5225	.0010	PE 38:6	C43H74NO8P	[M+H]+	https://lipidmaps.org/resources/tools/chemdb_ontology?abbrev=PE 38:6
764.5215	764.5225	.0010	PE O-38:7;O	C43H74NO8P	[M+H]+	https://lipidmaps.org/resources/tools/chemdb_ontology?abbrev=PE O-38:7;O
764.5215	764.5201	.0014	PC 33:3	C41H76NO8PNa	[M+Na]+	https://lipidmaps.org/resources/tools/chemdb_ontology?abbrev=PC 33:3
764.5215	764.5201	.0014	PE 36:3	C41H76NO8PNa	[M+Na]+	https://lipidmaps.org/resources/tools/chemdb_ontology?abbrev=PE 36:3
765.48145	765.4831	.0017	PA 38:3	C41H75O8PK	[M+K]+	https://lipidmaps.org/resources/tools/chemdb_ontology?abbrev=PA 38:3
766.5414	766.5381	.0033	PC 35:5	C43H76NO8P	[M+H]+	https://lipidmaps.org/resources/tools/chemdb_ontology?abbrev=PC 35:5
766.5414	766.5381	.0033	PE 38:5	C43H76NO8P	[M+H]+	https://lipidmaps.org/resources/tools/chemdb_ontology?abbrev=PE 38:5
766.5414	766.5381	.0033	PE O-38:6;O	C43H76NO8P	[M+H]+	https://lipidmaps.org/resources/tools/chemdb_ontology?abbrev=PE O-38:6;O
766.5414	766.5357	.0057	PC 33:2	C41H78NO8PNa	[M+Na]+	https://lipidmaps.org/resources/tools/chemdb_ontology?abbrev=PC 33:2
766.5414	766.5357	.0057	PE 36:2	C41H78NO8PNa	[M+Na]+	https://lipidmaps.org/resources/tools/chemdb_ontology?abbrev=PE 36:2
766.5714	766.5745	.0031	PC O-36:5	C44H80NO7P	[M+H]+	https://lipidmaps.org/resources/tools/chemdb_ontology?abbrev=PC O-36:5
766.5714	766.5721	.0007	PC O-34:2	C42H82NO7PNa	[M+Na]+	https://lipidmaps.org/resources/tools/chemdb_ontology?abbrev=PC O-34:2
766.5714	766.5721	.0007	PE O-37:2	C42H82NO7PNa	[M+Na]+	https://lipidmaps.org/resources/tools/chemdb_ontology?abbrev=PE O-37:2
766.5714	766.5803	.0089	HexCer 36:1;O3	C42H81NO9Na	[M+Na]+	https://lipidmaps.org/resources/tools/chemdb_ontology?abbrev=HexCer 36:1;O3
767.49634	767.4988	.0024	PA 38:2	C41H77O8PK	[M+K]+	https://lipidmaps.org/resources/tools/chemdb_ontology?abbrev=PA 38:2
768.55133	768.5538	.0024	PC 35:4	C43H78NO8P	[M+H]+	https://lipidmaps.org/resources/tools/chemdb_ontology?abbrev=PC 35:4
768.55133	768.5538	.0024	PE 38:4	C43H78NO8P	[M+H]+	https://lipidmaps.org/resources/tools/chemdb_ontology?abbrev=PE 38:4
768.55133	768.5538	.0024	PE O-38:5;O	C43H78NO8P	[M+H]+	https://lipidmaps.org/resources/tools/chemdb_ontology?abbrev=PE O-38:5;O
768.55133	768.5514	.0000	PC 33:1	C41H80NO8PNa	[M+Na]+	https://lipidmaps.org/resources/tools/chemdb_ontology?abbrev=PC 33:1
768.55133	768.5514	.0000	PE 36:1	C41H80NO8PNa	[M+Na]+	https://lipidmaps.org/resources/tools/chemdb_ontology?abbrev=PE 36:1
768.5863	768.5902	.0039	PC O-36:4	C44H82NO7P	[M+H]+	https://lipidmaps.org/resources/tools/chemdb_ontology?abbrev=PC O-36:4
768.5863	768.5878	.0015	PC O-34:1	C42H84NO7PNa	[M+Na]+	https://lipidmaps.org/resources/tools/chemdb_ontology?abbrev=PC O-34:1
768.5863	768.5878	.0015	PE O-37:1	C42H84NO7PNa	[M+Na]+	https://lipidmaps.org/resources/tools/chemdb_ontology?abbrev=PE O-37:1
769.47626	769.4803	.0040	PA 42:10	C45H69O8P	[M+H]+	https://lipidmaps.org/resources/tools/chemdb_ontology?abbrev=PA 42:10
769.47626	769.4779	.0016	PA 40:7	C43H71O8PNa	[M+Na]+	https://lipidmaps.org/resources/tools/chemdb_ontology?abbrev=PA 40:7
769.47626	769.4780	.0018	PG O-34:3	C40H75O9PK	[M+K]+	https://lipidmaps.org/resources/tools/chemdb_ontology?abbrev=PG O-34:3
769.5613	769.5620	.0007	SM 36:1;O2	C41H83N2O6PK	[M+K]+	https://lipidmaps.org/resources/tools/chemdb_ontology?abbrev=SM 36:1;O2
770.5062	770.4967	.0095	PS 35:4	C41H72NO10P	[M+H]+	https://lipidmaps.org/resources/tools/chemdb_ontology?abbrev=PS 35:4
770.5062	770.5095	.0033	PE O-38:7	C43H74NO7PNa	[M+Na]+	https://lipidmaps.org/resources/tools/chemdb_ontology?abbrev=PE O-38:7
770.5062	770.5097	.0035	PC 32:1	C40H78NO8PK	[M+K]+	https://lipidmaps.org/resources/tools/chemdb_ontology?abbrev=PC 32:1
770.5062	770.5097	.0035	PE 35:1	C40H78NO8PK	[M+K]+	https://lipidmaps.org/resources/tools/chemdb_ontology?abbrev=PE 35:1
772.5211	772.5123	.0088	PS 35:3	C41H74NO10P	[M+H]+	https://lipidmaps.org/resources/tools/chemdb_ontology?abbrev=PS 35:3
772.5211	772.5252	.0041	PE O-38:6	C43H76NO7PNa	[M+Na]+	https://lipidmaps.org/resources/tools/chemdb_ontology?abbrev=PE O-38:6
772.5211	772.5253	.0042	PC 32:0	C40H80NO8PK	[M+K]+	https://lipidmaps.org/resources/tools/chemdb_ontology?abbrev=PC 32:0
772.5211	772.5253	.0042	PE 35:0	C40H80NO8PK	[M+K]+	https://lipidmaps.org/resources/tools/chemdb_ontology?abbrev=PE 35:0
772.61615	772.6215	.0053	PC O-36:2	C44H86NO7P	[M+H]+	https://lipidmaps.org/resources/tools/chemdb_ontology?abbrev=PC O-36:2
772.61615	772.6215	.0053	PE O-39:2	C44H86NO7P	[M+H]+	https://lipidmaps.org/resources/tools/chemdb_ontology?abbrev=PE O-39:2
774.57104	774.5643	.0067	PS O-36:2	C42H80NO9P	[M+H]+	https://lipidmaps.org/resources/tools/chemdb_ontology?abbrev=PS O-36:2
774.601	774.6007	.0003	PC 35:1	C43H84NO8P	[M+H]+	https://lipidmaps.org/resources/tools/chemdb_ontology?abbrev=PC 35:1
774.601	774.6007	.0003	PE 38:1	C43H84NO8P	[M+H]+	https://lipidmaps.org/resources/tools/chemdb_ontology?abbrev=PE 38:1
775.461	775.4521	.0089	PG 35:6	C41H69O10PNa	[M+Na]+	https://lipidmaps.org/resources/tools/chemdb_ontology?abbrev=PG 35:6
775.461	775.4675	.0065	PA 39:5	C42H73O8PK	[M+K]+	https://lipidmaps.org/resources/tools/chemdb_ontology?abbrev=PA 39:5
776.55597	776.5589	.0029	PE O-40:7	C45H78NO7P	[M+H]+	https://lipidmaps.org/resources/tools/chemdb_ontology?abbrev=PE O-40:7
776.55597	776.5565	.0005	PC O-35:4	C43H80NO7PNa	[M+Na]+	https://lipidmaps.org/resources/tools/chemdb_ontology?abbrev=PC O-35:4
776.55597	776.5565	.0005	PE O-38:4	C43H80NO7PNa	[M+Na]+	https://lipidmaps.org/resources/tools/chemdb_ontology?abbrev=PE O-38:4
776.55597	776.5647	.0087	HexCer 37:3;O3	C43H79NO9Na	[M+Na]+	https://lipidmaps.org/resources/tools/chemdb_ontology?abbrev=HexCer 37:3;O3
778.4759	778.4784	.0025	PC 33:4	C41H74NO8PK	[M+K]+	https://lipidmaps.org/resources/tools/chemdb_ontology?abbrev=PC 33:4
778.4759	778.4784	.0025	PE 36:4	C41H74NO8PK	[M+K]+	https://lipidmaps.org/resources/tools/chemdb_ontology?abbrev=PE 36:4
778.4759	778.4784	.0025	PE O-36:5;O	C41H74NO8PK	[M+K]+	https://lipidmaps.org/resources/tools/chemdb_ontology?abbrev=PE O-36:5;O
778.5359	778.5381	.0022	PC 36:6	C44H76NO8P	[M+H]+	https://lipidmaps.org/resources/tools/chemdb_ontology?abbrev=PC 36:6
778.5359	778.5381	.0022	PE 39:6	C44H76NO8P	[M+H]+	https://lipidmaps.org/resources/tools/chemdb_ontology?abbrev=PE 39:6
778.5359	778.5357	.0002	PC 34:3	C42H78NO8PNa	[M+Na]+	https://lipidmaps.org/resources/tools/chemdb_ontology?abbrev=PC 34:3
778.5359	778.5357	.0002	PE 37:3	C42H78NO8PNa	[M+Na]+	https://lipidmaps.org/resources/tools/chemdb_ontology?abbrev=PE 37:3
780.5508	780.5538	.0030	PC 36:5	C44H78NO8P	[M+H]+	https://lipidmaps.org/resources/tools/chemdb_ontology?abbrev=PC 36:5
780.5508	780.5538	.0030	PE 39:5	C44H78NO8P	[M+H]+	https://lipidmaps.org/resources/tools/chemdb_ontology?abbrev=PE 39:5
780.5508	780.5514	.0006	PE 37:2	C42H80NO8PNa	[M+Na]+	https://lipidmaps.org/resources/tools/chemdb_ontology?abbrev=PE 37:2
780.5508	780.5514	.0006	PC 34:2	C42H80NO8PNa	[M+Na]+	https://lipidmaps.org/resources/tools/chemdb_ontology?abbrev=PC 34:2
781.6157	781.6194	.0037	SM 38:1;O2	C43H87N2O6PNa	[M+Na]+	https://lipidmaps.org/resources/tools/chemdb_ontology?abbrev=SM 38:1;O2
781.6157	781.6082	.0075	PA O-41:1	C44H87O7PNa	[M+Na]+	https://lipidmaps.org/resources/tools/chemdb_ontology?abbrev=PA O-41:1
782.5057	782.4967	.0090	PS 36:5	C42H72NO10P	[M+H]+	https://lipidmaps.org/resources/tools/chemdb_ontology?abbrev=PS 36:5
782.5057	782.5097	.0040	PC 33:2	C41H78NO8PK	[M+K]+	https://lipidmaps.org/resources/tools/chemdb_ontology?abbrev=PC 33:2
782.5057	782.5097	.0040	PE 36:2	C41H78NO8PK	[M+K]+	https://lipidmaps.org/resources/tools/chemdb_ontology?abbrev=PE 36:2
782.5657	782.5694	.0037	PC 36:4	C44H80NO8P	[M+H]+	https://lipidmaps.org/resources/tools/chemdb_ontology?abbrev=PC 36:4
782.5657	782.5694	.0037	PE 39:4	C44H80NO8P	[M+H]+	https://lipidmaps.org/resources/tools/chemdb_ontology?abbrev=PE 39:4
782.5657	782.5670	.0013	PE 37:1	C42H82NO8PNa	[M+Na]+	https://lipidmaps.org/resources/tools/chemdb_ontology?abbrev=PE 37:1
782.5657	782.5670	.0013	PC 34:1	C42H82NO8PNa	[M+Na]+	https://lipidmaps.org/resources/tools/chemdb_ontology?abbrev=PC 34:1
782.5657	782.5753	.0096	HexCer 36:1;O4	C42H81NO10Na	[M+Na]+	https://lipidmaps.org/resources/tools/chemdb_ontology?abbrev=HexCer 36:1;O4
784.5256	784.5253	.0003	PC 33:1	C41H80NO8PK	[M+K]+	https://lipidmaps.org/resources/tools/chemdb_ontology?abbrev=PC 33:1
784.5256	784.5253	.0003	PE 36:1	C41H80NO8PK	[M+K]+	https://lipidmaps.org/resources/tools/chemdb_ontology?abbrev=PE 36:1
785.45056	785.4518	.0013	PA 40:7	C43H71O8PK	[M+K]+	https://lipidmaps.org/resources/tools/chemdb_ontology?abbrev=PA 40:7
786.60046	786.6007	.0003	PC 36:2	C44H84NO8P	[M+H]+	https://lipidmaps.org/resources/tools/chemdb_ontology?abbrev=PC 36:2
786.60046	786.6007	.0003	PE 39:2	C44H84NO8P	[M+H]+	https://lipidmaps.org/resources/tools/chemdb_ontology?abbrev=PE 39:2
787.46545	787.4675	.0020	PA 40:6	C43H73O8PK	[M+K]+	https://lipidmaps.org/resources/tools/chemdb_ontology?abbrev=PA 40:6
788.5504	788.5436	.0068	PS 36:2	C42H78NO10P	[M+H]+	https://lipidmaps.org/resources/tools/chemdb_ontology?abbrev=PS 36:2
788.5504	788.5565	.0061	PC O-36:5	C44H80NO7PNa	[M+Na]+	https://lipidmaps.org/resources/tools/chemdb_ontology?abbrev=PC O-36:5
788.6154	788.6164	.0010	PC 36:1	C44H86NO8P	[M+H]+	https://lipidmaps.org/resources/tools/chemdb_ontology?abbrev=PC 36:1
788.6154	788.6164	.0010	PE 39:1	C44H86NO8P	[M+H]+	https://lipidmaps.org/resources/tools/chemdb_ontology?abbrev=PE 39:1
788.6154	788.6246	.0092	HexCer 38:1;O4	C44H85NO10	[M+H]+	https://lipidmaps.org/resources/tools/chemdb_ontology?abbrev=HexCer 38:1;O4
789.48035	789.4831	.0028	PA 40:5	C43H75O8PK	[M+K]+	https://lipidmaps.org/resources/tools/chemdb_ontology?abbrev=PA 40:5
790.5553	790.5593	.0040	PS 36:1	C42H80NO10P	[M+H]+	https://lipidmaps.org/resources/tools/chemdb_ontology?abbrev=PS 36:1
790.5553	790.5594	.0041	HexCer 38:3;O2	C44H81NO8K	[M+K]+	https://lipidmaps.org/resources/tools/chemdb_ontology?abbrev=HexCer 38:3;O2
792.56525	792.5749	.0097	PS 36:0	C42H82NO10P	[M+H]+	https://lipidmaps.org/resources/tools/chemdb_ontology?abbrev=PS 36:0
792.56525	792.5750	.0098	HexCer 38:2;O2	C44H83NO8K	[M+K]+	https://lipidmaps.org/resources/tools/chemdb_ontology?abbrev=HexCer 38:2;O2
793.5002	793.5014	.0012	PG 38:7	C44H73O10P	[M+H]+	https://lipidmaps.org/resources/tools/chemdb_ontology?abbrev=PG 38:7
793.5002	793.4990	.0012	PG 36:4	C42H75O10PNa	[M+Na]+	https://lipidmaps.org/resources/tools/chemdb_ontology?abbrev=PG 36:4
794.51013	794.5097	.0005	PC 34:3	C42H78NO8PK	[M+K]+	https://lipidmaps.org/resources/tools/chemdb_ontology?abbrev=PC 34:3
794.51013	794.5097	.0005	PE 37:3	C42H78NO8PK	[M+K]+	https://lipidmaps.org/resources/tools/chemdb_ontology?abbrev=PE 37:3
794.5701	794.5694	.0007	PC 37:5	C45H80NO8P	[M+H]+	https://lipidmaps.org/resources/tools/chemdb_ontology?abbrev=PC 37:5
794.5701	794.5694	.0007	PE 40:5	C45H80NO8P	[M+H]+	https://lipidmaps.org/resources/tools/chemdb_ontology?abbrev=PE 40:5
794.5701	794.5670	.0031	PC 35:2	C43H82NO8PNa	[M+Na]+	https://lipidmaps.org/resources/tools/chemdb_ontology?abbrev=PC 35:2
794.5701	794.5670	.0031	PE 38:2	C43H82NO8PNa	[M+Na]+	https://lipidmaps.org/resources/tools/chemdb_ontology?abbrev=PE 38:2
796.525	796.5252	.0002	PE O-40:8	C45H76NO7PNa	[M+Na]+	https://lipidmaps.org/resources/tools/chemdb_ontology?abbrev=PE O-40:8
796.525	796.5253	.0003	PE 37:2	C42H80NO8PK	[M+K]+	https://lipidmaps.org/resources/tools/chemdb_ontology?abbrev=PE 37:2
796.525	796.5253	.0003	PC 34:2	C42H80NO8PK	[M+K]+	https://lipidmaps.org/resources/tools/chemdb_ontology?abbrev=PC 34:2
796.585	796.5851	.0001	PC 37:4	C45H82NO8P	[M+H]+	https://lipidmaps.org/resources/tools/chemdb_ontology?abbrev=PC 37:4
796.585	796.5851	.0001	PE 40:4	C45H82NO8P	[M+H]+	https://lipidmaps.org/resources/tools/chemdb_ontology?abbrev=PE 40:4
796.585	796.5827	.0023	PC 35:1	C43H84NO8PNa	[M+Na]+	https://lipidmaps.org/resources/tools/chemdb_ontology?abbrev=PC 35:1
796.585	796.5827	.0023	PE 38:1	C43H84NO8PNa	[M+Na]+	https://lipidmaps.org/resources/tools/chemdb_ontology?abbrev=PE 38:1
796.63007	796.6215	.0086	PC O-38:4	C46H86NO7P	[M+H]+	https://lipidmaps.org/resources/tools/chemdb_ontology?abbrev=PC O-38:4
796.63007	796.6273	.0028	HexCer 38:0;O3	C44H87NO9Na	[M+Na]+	https://lipidmaps.org/resources/tools/chemdb_ontology?abbrev=HexCer 38:0;O3
797.58997	797.5933	.0034	SM 38:1;O2	C43H87N2O6PK	[M+K]+	https://lipidmaps.org/resources/tools/chemdb_ontology?abbrev=SM 38:1;O2
797.58997	797.5821	.0079	PA O-41:1	C44H87O7PK	[M+K]+	https://lipidmaps.org/resources/tools/chemdb_ontology?abbrev=PA O-41:1
798.45996	798.4682	.0082	PS 34:2	C40H74NO10PK	[M+K]+	https://lipidmaps.org/resources/tools/chemdb_ontology?abbrev=PS 34:2
798.54	798.5408	.0008	PE O-40:7	C45H78NO7PNa	[M+Na]+	https://lipidmaps.org/resources/tools/chemdb_ontology?abbrev=PE O-40:7
798.54	798.5410	.0010	PE 37:1	C42H82NO8PK	[M+K]+	https://lipidmaps.org/resources/tools/chemdb_ontology?abbrev=PE 37:1
798.54	798.5410	.0010	PC 34:1	C42H82NO8PK	[M+K]+	https://lipidmaps.org/resources/tools/chemdb_ontology?abbrev=PC 34:1
798.54	798.5492	.0092	HexCer 36:1;O4	C42H81NO10K	[M+K]+	https://lipidmaps.org/resources/tools/chemdb_ontology?abbrev=HexCer 36:1;O4
799.6699	799.6687	.0012	SM 41:2;O2	C46H91N2O6P	[M+H]+	https://lipidmaps.org/resources/tools/chemdb_ontology?abbrev=SM 41:2;O2
799.6699	799.6786	.0087	TG 46:1	C49H92O6Na	[M+Na]+	https://lipidmaps.org/resources/tools/chemdb_ontology?abbrev=TG 46:1
800.61487	800.6164	.0015	PC 37:2	C45H86NO8P	[M+H]+	https://lipidmaps.org/resources/tools/chemdb_ontology?abbrev=PC 37:2
800.61487	800.6164	.0015	PE 40:2	C45H86NO8P	[M+H]+	https://lipidmaps.org/resources/tools/chemdb_ontology?abbrev=PE 40:2
801.6848	801.6844	.0004	SM 41:1;O2	C46H93N2O6P	[M+H]+	https://lipidmaps.org/resources/tools/chemdb_ontology?abbrev=SM 41:1;O2
801.6848	801.6943	.0095	TG 46:0	C49H94O6Na	[M+Na]+	https://lipidmaps.org/resources/tools/chemdb_ontology?abbrev=TG 46:0
802.5898	802.5956	.0058	PS O-38:2	C44H84NO9P	[M+H]+	https://lipidmaps.org/resources/tools/chemdb_ontology?abbrev=PS O-38:2
802.63477	802.6320	.0027	PC 37:1	C45H88NO8P	[M+H]+	https://lipidmaps.org/resources/tools/chemdb_ontology?abbrev=PC 37:1
802.63477	802.6320	.0027	PE 40:1	C45H88NO8P	[M+H]+	https://lipidmaps.org/resources/tools/chemdb_ontology?abbrev=PE 40:1
804.4947	804.4940	.0007	PC 35:5	C43H76NO8PK	[M+K]+	https://lipidmaps.org/resources/tools/chemdb_ontology?abbrev=PC 35:5
804.4947	804.4940	.0007	PE 38:5	C43H76NO8PK	[M+K]+	https://lipidmaps.org/resources/tools/chemdb_ontology?abbrev=PE 38:5
804.4947	804.4940	.0007	PE O-38:6;O	C43H76NO8PK	[M+K]+	https://lipidmaps.org/resources/tools/chemdb_ontology?abbrev=PE O-38:6;O
804.5497	804.5538	.0041	PC 38:7	C46H78NO8P	[M+H]+	https://lipidmaps.org/resources/tools/chemdb_ontology?abbrev=PC 38:7
804.5497	804.5538	.0041	PE 41:7	C46H78NO8P	[M+H]+	https://lipidmaps.org/resources/tools/chemdb_ontology?abbrev=PE 41:7
804.5497	804.5514	.0017	PC 36:4	C44H80NO8PNa	[M+Na]+	https://lipidmaps.org/resources/tools/chemdb_ontology?abbrev=PC 36:4
804.5497	804.5514	.0017	PE 39:4	C44H80NO8PNa	[M+Na]+	https://lipidmaps.org/resources/tools/chemdb_ontology?abbrev=PE 39:4
804.6097	804.6113	.0016	PS O-38:1	C44H86NO9P	[M+H]+	https://lipidmaps.org/resources/tools/chemdb_ontology?abbrev=PS O-38:1
806.5096	806.5097	.0001	PC 35:4	C43H78NO8PK	[M+K]+	https://lipidmaps.org/resources/tools/chemdb_ontology?abbrev=PC 35:4
806.5096	806.5097	.0001	PE 38:4	C43H78NO8PK	[M+K]+	https://lipidmaps.org/resources/tools/chemdb_ontology?abbrev=PE 38:4
806.5096	806.5097	.0001	PE O-38:5;O	C43H78NO8PK	[M+K]+	https://lipidmaps.org/resources/tools/chemdb_ontology?abbrev=PE O-38:5;O
806.5646	806.5694	.0048	PC 38:6	C46H80NO8P	[M+H]+	https://lipidmaps.org/resources/tools/chemdb_ontology?abbrev=PC 38:6
806.5646	806.5694	.0048	PE 41:6	C46H80NO8P	[M+H]+	https://lipidmaps.org/resources/tools/chemdb_ontology?abbrev=PE 41:6
806.5646	806.5670	.0024	PC 36:3	C44H82NO8PNa	[M+Na]+	https://lipidmaps.org/resources/tools/chemdb_ontology?abbrev=PC 36:3
806.5646	806.5670	.0024	PE 39:3	C44H82NO8PNa	[M+Na]+	https://lipidmaps.org/resources/tools/chemdb_ontology?abbrev=PE 39:3
808.57947	808.5851	.0056	PC 38:5	C46H82NO8P	[M+H]+	https://lipidmaps.org/resources/tools/chemdb_ontology?abbrev=PC 38:5
808.57947	808.5851	.0056	PE 41:5	C46H82NO8P	[M+H]+	https://lipidmaps.org/resources/tools/chemdb_ontology?abbrev=PE 41:5
808.57947	808.5827	.0032	PC 36:2	C44H84NO8PNa	[M+Na]+	https://lipidmaps.org/resources/tools/chemdb_ontology?abbrev=PC 36:2
808.57947	808.5827	.0032	PE 39:2	C44H84NO8PNa	[M+Na]+	https://lipidmaps.org/resources/tools/chemdb_ontology?abbrev=PE 39:2
808.57947	808.5699	.0095	HexCer 38:2;O3	C44H83NO9K	[M+K]+	https://lipidmaps.org/resources/tools/chemdb_ontology?abbrev=HexCer 38:2;O3
809.44946	809.4518	.0024	PA 42:9	C45H71O8PK	[M+K]+	https://lipidmaps.org/resources/tools/chemdb_ontology?abbrev=PA 42:9
809.6494	809.6507	.0013	SM 40:1;O2	C45H91N2O6PNa	[M+Na]+	https://lipidmaps.org/resources/tools/chemdb_ontology?abbrev=SM 40:1;O2
810.5394	810.5410	.0016	PC 35:2	C43H82NO8PK	[M+K]+	https://lipidmaps.org/resources/tools/chemdb_ontology?abbrev=PC 35:2
810.5394	810.5410	.0016	PE 38:2	C43H82NO8PK	[M+K]+	https://lipidmaps.org/resources/tools/chemdb_ontology?abbrev=PE 38:2
810.5994	810.6007	.0013	PC 38:4	C46H84NO8P	[M+H]+	https://lipidmaps.org/resources/tools/chemdb_ontology?abbrev=PC 38:4
810.5994	810.6007	.0013	PE 41:4	C46H84NO8P	[M+H]+	https://lipidmaps.org/resources/tools/chemdb_ontology?abbrev=PE 41:4
810.5994	810.5983	.0011	PC 36:1	C44H86NO8PNa	[M+Na]+	https://lipidmaps.org/resources/tools/chemdb_ontology?abbrev=PC 36:1
810.5994	810.5983	.0011	PE 39:1	C44H86NO8PNa	[M+Na]+	https://lipidmaps.org/resources/tools/chemdb_ontology?abbrev=PE 39:1
810.5994	810.6066	.0072	HexCer 38:1;O4	C44H85NO10Na	[M+Na]+	https://lipidmaps.org/resources/tools/chemdb_ontology?abbrev=HexCer 38:1;O4
811.46436	811.4675	.0031	PA 42:8	C45H73O8PK	[M+K]+	https://lipidmaps.org/resources/tools/chemdb_ontology?abbrev=PA 42:8
811.66437	811.6687	.0044	SM 42:3;O2	C47H91N2O6P	[M+H]+	https://lipidmaps.org/resources/tools/chemdb_ontology?abbrev=SM 42:3;O2
811.66437	811.6663	.0020	SM 40:0;O2	C45H93N2O6PNa	[M+Na]+	https://lipidmaps.org/resources/tools/chemdb_ontology?abbrev=SM 40:0;O2
812.5193	812.5225	.0032	PE 42:10	C47H74NO8P	[M+H]+	https://lipidmaps.org/resources/tools/chemdb_ontology?abbrev=PE 42:10
812.5193	812.5201	.0008	PC 37:7	C45H76NO8PNa	[M+Na]+	https://lipidmaps.org/resources/tools/chemdb_ontology?abbrev=PC 37:7
812.5193	812.5201	.0008	PE 40:7	C45H76NO8PNa	[M+Na]+	https://lipidmaps.org/resources/tools/chemdb_ontology?abbrev=PE 40:7
812.5193	812.5202	.0009	PS O-36:2	C42H80NO9PK	[M+K]+	https://lipidmaps.org/resources/tools/chemdb_ontology?abbrev=PS O-36:2
812.5493	812.5436	.0057	PC 36:5;O2	C44H78NO10P	[M+H]+	https://lipidmaps.org/resources/tools/chemdb_ontology?abbrev=PC 36:5;O2
812.5493	812.5436	.0057	PS 38:4	C44H78NO10P	[M+H]+	https://lipidmaps.org/resources/tools/chemdb_ontology?abbrev=PS 38:4
812.5493	812.5565	.0072	PC O-38:7	C46H80NO7PNa	[M+Na]+	https://lipidmaps.org/resources/tools/chemdb_ontology?abbrev=PC O-38:7
812.5493	812.5412	.0081	PS 36:1	C42H80NO10PNa	[M+Na]+	https://lipidmaps.org/resources/tools/chemdb_ontology?abbrev=PS 36:1
812.5493	812.5566	.0073	PC 35:1	C43H84NO8PK	[M+K]+	https://lipidmaps.org/resources/tools/chemdb_ontology?abbrev=PC 35:1
812.5493	812.5566	.0073	PE 38:1	C43H84NO8PK	[M+K]+	https://lipidmaps.org/resources/tools/chemdb_ontology?abbrev=PE 38:1
813.47925	813.4831	.0039	PA 42:7	C45H75O8PK	[M+K]+	https://lipidmaps.org/resources/tools/chemdb_ontology?abbrev=PA 42:7
813.68427	813.6844	.0001	SM 42:2;O2	C47H93N2O6P	[M+H]+	https://lipidmaps.org/resources/tools/chemdb_ontology?abbrev=SM 42:2;O2
813.68427	813.6943	.0100	TG 47:1	C50H94O6Na	[M+Na]+	https://lipidmaps.org/resources/tools/chemdb_ontology?abbrev=TG 47:1
814.5592	814.5593	.0001	PS 38:3	C44H80NO10P	[M+H]+	https://lipidmaps.org/resources/tools/chemdb_ontology?abbrev=PS 38:3
814.5592	814.5569	.0023	PS 36:0	C42H82NO10PNa	[M+Na]+	https://lipidmaps.org/resources/tools/chemdb_ontology?abbrev=PS 36:0
816.5791	816.5749	.0042	PS 38:2	C44H82NO10P	[M+H]+	https://lipidmaps.org/resources/tools/chemdb_ontology?abbrev=PS 38:2
816.5791	816.5878	.0087	PC O-38:5	C46H84NO7PNa	[M+Na]+	https://lipidmaps.org/resources/tools/chemdb_ontology?abbrev=PC O-38:5
818.50903	818.5097	.0006	PC 36:5	C44H78NO8PK	[M+K]+	https://lipidmaps.org/resources/tools/chemdb_ontology?abbrev=PC 36:5
818.50903	818.5097	.0006	PE 39:5	C44H78NO8PK	[M+K]+	https://lipidmaps.org/resources/tools/chemdb_ontology?abbrev=PE 39:5
818.564	818.5694	.0054	PC 39:7	C47H80NO8P	[M+H]+	https://lipidmaps.org/resources/tools/chemdb_ontology?abbrev=PC 39:7
818.564	818.5694	.0054	PE 42:7	C47H80NO8P	[M+H]+	https://lipidmaps.org/resources/tools/chemdb_ontology?abbrev=PE 42:7
818.564	818.5670	.0030	PC 37:4	C45H82NO8PNa	[M+Na]+	https://lipidmaps.org/resources/tools/chemdb_ontology?abbrev=PC 37:4
818.564	818.5670	.0030	PE 40:4	C45H82NO8PNa	[M+Na]+	https://lipidmaps.org/resources/tools/chemdb_ontology?abbrev=PE 40:4
818.59406	818.5906	.0035	PS 38:1	C44H84NO10P	[M+H]+	https://lipidmaps.org/resources/tools/chemdb_ontology?abbrev=PS 38:1
818.59406	818.6034	.0093	PC O-38:4	C46H86NO7PNa	[M+Na]+	https://lipidmaps.org/resources/tools/chemdb_ontology?abbrev=PC O-38:4
820.5239	820.5253	.0014	PC 36:4	C44H80NO8PK	[M+K]+	https://lipidmaps.org/resources/tools/chemdb_ontology?abbrev=PC 36:4
820.5239	820.5253	.0014	PE 39:4	C44H80NO8PK	[M+K]+	https://lipidmaps.org/resources/tools/chemdb_ontology?abbrev=PE 39:4
820.60394	820.6062	.0023	PS 38:0	C44H86NO10P	[M+H]+	https://lipidmaps.org/resources/tools/chemdb_ontology?abbrev=PS 38:0
820.60394	820.6063	.0024	HexCer 40:2;O2	C46H87NO8K	[M+K]+	https://lipidmaps.org/resources/tools/chemdb_ontology?abbrev=HexCer 40:2;O2
823.6638	823.6663	.0025	SM 41:1;O2	C46H93N2O6PNa	[M+Na]+	https://lipidmaps.org/resources/tools/chemdb_ontology?abbrev=SM 41:1;O2
824.5538	824.5566	.0028	PC 36:2	C44H84NO8PK	[M+K]+	https://lipidmaps.org/resources/tools/chemdb_ontology?abbrev=PC 36:2
824.5538	824.5566	.0028	PE 39:2	C44H84NO8PK	[M+K]+	https://lipidmaps.org/resources/tools/chemdb_ontology?abbrev=PE 39:2
825.6237	825.6246	.0009	SM 40:1;O2	C45H91N2O6PK	[M+K]+	https://lipidmaps.org/resources/tools/chemdb_ontology?abbrev=SM 40:1;O2
826.56866	826.5593	.0094	PS 39:4	C45H80NO10P	[M+H]+	https://lipidmaps.org/resources/tools/chemdb_ontology?abbrev=PS 39:4
826.56866	826.5721	.0034	PE O-42:7	C47H82NO7PNa	[M+Na]+	https://lipidmaps.org/resources/tools/chemdb_ontology?abbrev=PE O-42:7
826.56866	826.5723	.0036	PC 36:1	C44H86NO8PK	[M+K]+	https://lipidmaps.org/resources/tools/chemdb_ontology?abbrev=PC 36:1
826.56866	826.5723	.0036	PE 39:1	C44H86NO8PK	[M+K]+	https://lipidmaps.org/resources/tools/chemdb_ontology?abbrev=PE 39:1
827.7036	827.7000	.0036	SM 43:2;O2	C48H95N2O6P	[M+H]+	https://lipidmaps.org/resources/tools/chemdb_ontology?abbrev=SM 43:2;O2
827.7036	827.7123	.0087	TG 50:4	C53H94O6	[M+H]+	https://lipidmaps.org/resources/tools/chemdb_ontology?abbrev=TG 50:4
827.7036	827.7099	.0063	TG 48:1	C51H96O6Na	[M+Na]+	https://lipidmaps.org/resources/tools/chemdb_ontology?abbrev=TG 48:1
828.4936	828.4940	.0004	PC 37:7	C45H76NO8PK	[M+K]+	https://lipidmaps.org/resources/tools/chemdb_ontology?abbrev=PC 37:7
828.4936	828.4940	.0004	PE 40:7	C45H76NO8PK	[M+K]+	https://lipidmaps.org/resources/tools/chemdb_ontology?abbrev=PE 40:7
828.5536	828.5538	.0002	PC 40:9	C48H78NO8P	[M+H]+	https://lipidmaps.org/resources/tools/chemdb_ontology?abbrev=PC 40:9
828.5536	828.5514	.0022	PC 38:6	C46H80NO8PNa	[M+Na]+	https://lipidmaps.org/resources/tools/chemdb_ontology?abbrev=PC 38:6
828.5536	828.5514	.0022	PE 41:6	C46H80NO8PNa	[M+Na]+	https://lipidmaps.org/resources/tools/chemdb_ontology?abbrev=PE 41:6
828.5536	828.5515	.0021	PS O-37:1	C43H84NO9PK	[M+K]+	https://lipidmaps.org/resources/tools/chemdb_ontology?abbrev=PS O-37:1
829.7235	829.7280	.0045	TG 50:3	C53H96O6	[M+H]+	https://lipidmaps.org/resources/tools/chemdb_ontology?abbrev=TG 50:3
829.7235	829.7157	.0078	SM 43:1;O2	C48H97N2O6P	[M+H]+	https://lipidmaps.org/resources/tools/chemdb_ontology?abbrev=SM 43:1;O2
829.7235	829.7256	.0021	TG 48:0	C51H98O6Na	[M+Na]+	https://lipidmaps.org/resources/tools/chemdb_ontology?abbrev=TG 48:0
830.5285	830.5306	.0021	PE 40:6;O	C45H78NO9PNa	[M+Na]+	https://lipidmaps.org/resources/tools/chemdb_ontology?abbrev=PE 40:6;O
830.5285	830.5308	.0023	PS 36:0	C42H82NO10PK	[M+K]+	https://lipidmaps.org/resources/tools/chemdb_ontology?abbrev=PS 36:0
830.5635	830.5694	.0059	PC 40:8	C48H80NO8P	[M+H]+	https://lipidmaps.org/resources/tools/chemdb_ontology?abbrev=PC 40:8
830.5635	830.5542	.0093	PC 36:4;O3	C44H80NO11P	[M+H]+	https://lipidmaps.org/resources/tools/chemdb_ontology?abbrev=PC 36:4;O3
830.5635	830.5670	.0035	PC 38:5	C46H82NO8PNa	[M+Na]+	https://lipidmaps.org/resources/tools/chemdb_ontology?abbrev=PC 38:5
830.5635	830.5670	.0035	PE 41:5	C46H82NO8PNa	[M+Na]+	https://lipidmaps.org/resources/tools/chemdb_ontology?abbrev=PE 41:5
830.5635	830.5672	.0037	PS O-37:0	C43H86NO9PK	[M+K]+	https://lipidmaps.org/resources/tools/chemdb_ontology?abbrev=PS O-37:0
832.5234	832.5253	.0019	PC 37:5	C45H80NO8PK	[M+K]+	https://lipidmaps.org/resources/tools/chemdb_ontology?abbrev=PC 37:5
832.5234	832.5253	.0019	PE 40:5	C45H80NO8PK	[M+K]+	https://lipidmaps.org/resources/tools/chemdb_ontology?abbrev=PE 40:5
832.5834	832.5851	.0017	PC 40:7	C48H82NO8P	[M+H]+	https://lipidmaps.org/resources/tools/chemdb_ontology?abbrev=PC 40:7
832.5834	832.5827	.0007	PC 38:4	C46H84NO8PNa	[M+Na]+	https://lipidmaps.org/resources/tools/chemdb_ontology?abbrev=PC 38:4
832.5834	832.5827	.0007	PE 41:4	C46H84NO8PNa	[M+Na]+	https://lipidmaps.org/resources/tools/chemdb_ontology?abbrev=PE 41:4
833.6484	833.6507	.0023	SM 42:3;O2	C47H91N2O6PNa	[M+Na]+	https://lipidmaps.org/resources/tools/chemdb_ontology?abbrev=SM 42:3;O2
833.75336	833.7593	.0059	TG 50:1	C53H100O6	[M+H]+	https://lipidmaps.org/resources/tools/chemdb_ontology?abbrev=TG 50:1
834.5383	834.5410	.0027	PC 37:4	C45H82NO8PK	[M+K]+	https://lipidmaps.org/resources/tools/chemdb_ontology?abbrev=PC 37:4
834.5383	834.5410	.0027	PE 40:4	C45H82NO8PK	[M+K]+	https://lipidmaps.org/resources/tools/chemdb_ontology?abbrev=PE 40:4
835.66327	835.6663	.0031	SM 42:2;O2	C47H93N2O6PNa	[M+Na]+	https://lipidmaps.org/resources/tools/chemdb_ontology?abbrev=SM 42:2;O2
836.5432	836.5436	.0004	PS 40:6	C46H78NO10P	[M+H]+	https://lipidmaps.org/resources/tools/chemdb_ontology?abbrev=PS 40:6
836.5432	836.5412	.0020	PS 38:3	C44H80NO10PNa	[M+Na]+	https://lipidmaps.org/resources/tools/chemdb_ontology?abbrev=PS 38:3
836.6132	836.6164	.0032	PC 40:5	C48H86NO8P	[M+H]+	https://lipidmaps.org/resources/tools/chemdb_ontology?abbrev=PC 40:5
836.6132	836.6140	.0008	PC 38:2	C46H88NO8PNa	[M+Na]+	https://lipidmaps.org/resources/tools/chemdb_ontology?abbrev=PC 38:2
836.6132	836.6140	.0008	PE 41:2	C46H88NO8PNa	[M+Na]+	https://lipidmaps.org/resources/tools/chemdb_ontology?abbrev=PE 41:2
838.5581	838.5593	.0012	PS 40:5	C46H80NO10P	[M+H]+	https://lipidmaps.org/resources/tools/chemdb_ontology?abbrev=PS 40:5
838.5581	838.5569	.0012	PS 38:2	C44H82NO10PNa	[M+Na]+	https://lipidmaps.org/resources/tools/chemdb_ontology?abbrev=PS 38:2
838.6281	838.6320	.0039	PC 40:4	C48H88NO8P	[M+H]+	https://lipidmaps.org/resources/tools/chemdb_ontology?abbrev=PC 40:4
838.6281	838.6320	.0039	PE 43:4	C48H88NO8P	[M+H]+	https://lipidmaps.org/resources/tools/chemdb_ontology?abbrev=PE 43:4
838.6281	838.6296	.0015	PC 38:1	C46H90NO8PNa	[M+Na]+	https://lipidmaps.org/resources/tools/chemdb_ontology?abbrev=PC 38:1
838.6281	838.6296	.0015	PE 41:1	C46H90NO8PNa	[M+Na]+	https://lipidmaps.org/resources/tools/chemdb_ontology?abbrev=PE 41:1
838.6281	838.6379	.0098	HexCer 40:1;O4	C46H89NO10Na	[M+Na]+	https://lipidmaps.org/resources/tools/chemdb_ontology?abbrev=HexCer 40:1;O4
840.57306	840.5749	.0018	PS 40:4	C46H82NO10P	[M+H]+	https://lipidmaps.org/resources/tools/chemdb_ontology?abbrev=PS 40:4
840.57306	840.5725	.0006	PS 38:1	C44H84NO10PNa	[M+Na]+	https://lipidmaps.org/resources/tools/chemdb_ontology?abbrev=PS 38:1
842.58795	842.5906	.0026	PS 40:3	C46H84NO10P	[M+H]+	https://lipidmaps.org/resources/tools/chemdb_ontology?abbrev=PS 40:3
842.58795	842.5882	.0002	PS 38:0	C44H86NO10PNa	[M+Na]+	https://lipidmaps.org/resources/tools/chemdb_ontology?abbrev=PS 38:0
843.6579	843.6497	.0082	TG 52:10	C55H86O6	[M+H]+	https://lipidmaps.org/resources/tools/chemdb_ontology?abbrev=TG 52:10
844.5229	844.5253	.0024	PC 38:6	C46H80NO8PK	[M+K]+	https://lipidmaps.org/resources/tools/chemdb_ontology?abbrev=PC 38:6
844.5229	844.5253	.0024	PE 41:6	C46H80NO8PK	[M+K]+	https://lipidmaps.org/resources/tools/chemdb_ontology?abbrev=PE 41:6
845.6728	845.6654	.0074	TG 52:9	C55H88O6	[M+H]+	https://lipidmaps.org/resources/tools/chemdb_ontology?abbrev=TG 52:9
845.6728	845.6630	.0098	PG O-42:2	C48H93O9P	[M+H]+	https://lipidmaps.org/resources/tools/chemdb_ontology?abbrev=PG O-42:2
845.6728	845.6630	.0098	TG 50:6	C53H90O6Na	[M+Na]+	https://lipidmaps.org/resources/tools/chemdb_ontology?abbrev=TG 50:6
846.5378	846.5410	.0032	PC 38:5	C46H82NO8PK	[M+K]+	https://lipidmaps.org/resources/tools/chemdb_ontology?abbrev=PC 38:5
846.5378	846.5410	.0032	PE 41:5	C46H82NO8PK	[M+K]+	https://lipidmaps.org/resources/tools/chemdb_ontology?abbrev=PE 41:5
848.5577	848.5566	.0011	PC 38:4	C46H84NO8PK	[M+K]+	https://lipidmaps.org/resources/tools/chemdb_ontology?abbrev=PC 38:4
848.5577	848.5566	.0011	PE 41:4	C46H84NO8PK	[M+K]+	https://lipidmaps.org/resources/tools/chemdb_ontology?abbrev=PE 41:4
849.6226	849.6246	.0020	SM 42:3;O2	C47H91N2O6PK	[M+K]+	https://lipidmaps.org/resources/tools/chemdb_ontology?abbrev=SM 42:3;O2
850.49756	850.4995	.0019	PC 36:5;O2	C44H78NO10PK	[M+K]+	https://lipidmaps.org/resources/tools/chemdb_ontology?abbrev=PC 36:5;O2
850.49756	850.4995	.0019	PS 38:4	C44H78NO10PK	[M+K]+	https://lipidmaps.org/resources/tools/chemdb_ontology?abbrev=PS 38:4
851.6375	851.6403	.0028	SM 42:2;O2	C47H93N2O6PK	[M+K]+	https://lipidmaps.org/resources/tools/chemdb_ontology?abbrev=SM 42:2;O2
852.5125	852.5151	.0026	PS 38:3	C44H80NO10PK	[M+K]+	https://lipidmaps.org/resources/tools/chemdb_ontology?abbrev=PS 38:3
852.5775	852.5749	.0026	PS 41:5	C47H82NO10P	[M+H]+	https://lipidmaps.org/resources/tools/chemdb_ontology?abbrev=PS 41:5
852.5775	852.5725	.0050	PS 39:2	C45H84NO10PNa	[M+Na]+	https://lipidmaps.org/resources/tools/chemdb_ontology?abbrev=PS 39:2
853.7224	853.7280	.0056	TG 52:5	C55H96O6	[M+H]+	https://lipidmaps.org/resources/tools/chemdb_ontology?abbrev=TG 52:5
853.7224	853.7256	.0032	TG 50:2	C53H98O6Na	[M+Na]+	https://lipidmaps.org/resources/tools/chemdb_ontology?abbrev=TG 50:2
854.5274	854.5308	.0034	PS 38:2	C44H82NO10PK	[M+K]+	https://lipidmaps.org/resources/tools/chemdb_ontology?abbrev=PS 38:2
854.5624	854.5694	.0070	PC 42:10	C50H80NO8P	[M+H]+	https://lipidmaps.org/resources/tools/chemdb_ontology?abbrev=PC 42:10
854.5624	854.5670	.0046	PC 40:7	C48H82NO8PNa	[M+Na]+	https://lipidmaps.org/resources/tools/chemdb_ontology?abbrev=PC 40:7
854.5624	854.5672	.0048	PS O-39:2	C45H86NO9PK	[M+K]+	https://lipidmaps.org/resources/tools/chemdb_ontology?abbrev=PS O-39:2
855.73737	855.7436	.0062	TG 52:4	C55H98O6	[M+H]+	https://lipidmaps.org/resources/tools/chemdb_ontology?abbrev=TG 52:4
855.73737	855.7412	.0038	TG 50:1	C53H100O6Na	[M+Na]+	https://lipidmaps.org/resources/tools/chemdb_ontology?abbrev=TG 50:1
856.5073	856.5123	.0050	PS 42:10	C48H74NO10P	[M+H]+	https://lipidmaps.org/resources/tools/chemdb_ontology?abbrev=PS 42:10
856.5073	856.5099	.0026	PS 40:7	C46H76NO10PNa	[M+Na]+	https://lipidmaps.org/resources/tools/chemdb_ontology?abbrev=PS 40:7
856.5423	856.5464	.0041	PS 38:1	C44H84NO10PK	[M+K]+	https://lipidmaps.org/resources/tools/chemdb_ontology?abbrev=PS 38:1
856.58234	856.5851	.0027	PC 42:9	C50H82NO8P	[M+H]+	https://lipidmaps.org/resources/tools/chemdb_ontology?abbrev=PC 42:9
856.58234	856.5827	.0003	PC 40:6	C48H84NO8PNa	[M+Na]+	https://lipidmaps.org/resources/tools/chemdb_ontology?abbrev=PC 40:6
856.58234	856.5827	.0003	PE 43:6	C48H84NO8PNa	[M+Na]+	https://lipidmaps.org/resources/tools/chemdb_ontology?abbrev=PE 43:6
856.58234	856.5828	.0005	PS O-39:1	C45H88NO9PK	[M+K]+	https://lipidmaps.org/resources/tools/chemdb_ontology?abbrev=PS O-39:1
857.75226	857.7593	.0070	TG 52:3	C55H100O6	[M+H]+	https://lipidmaps.org/resources/tools/chemdb_ontology?abbrev=TG 52:3
857.75226	857.7569	.0046	TG 50:0	C53H102O6Na	[M+Na]+	https://lipidmaps.org/resources/tools/chemdb_ontology?abbrev=TG 50:0
858.5272	858.5280	.0008	PS 42:9	C48H76NO10P	[M+H]+	https://lipidmaps.org/resources/tools/chemdb_ontology?abbrev=PS 42:9
858.5272	858.5256	.0016	PS 40:6	C46H78NO10PNa	[M+Na]+	https://lipidmaps.org/resources/tools/chemdb_ontology?abbrev=PS 40:6
858.5622	858.5621	.0001	PS 38:0	C44H86NO10PK	[M+K]+	https://lipidmaps.org/resources/tools/chemdb_ontology?abbrev=PS 38:0
858.5922	858.6007	.0085	PC 42:8	C50H84NO8P	[M+H]+	https://lipidmaps.org/resources/tools/chemdb_ontology?abbrev=PC 42:8
858.5922	858.5983	.0061	PC 40:5	C48H86NO8PNa	[M+Na]+	https://lipidmaps.org/resources/tools/chemdb_ontology?abbrev=PC 40:5
858.5922	858.5985	.0063	PS O-39:0	C45H90NO9PK	[M+K]+	https://lipidmaps.org/resources/tools/chemdb_ontology?abbrev=PS O-39:0
859.76715	859.7749	.0078	TG 52:2	C55H102O6	[M+H]+	https://lipidmaps.org/resources/tools/chemdb_ontology?abbrev=TG 52:2
860.5421	860.5436	.0015	PS 42:8	C48H78NO10P	[M+H]+	https://lipidmaps.org/resources/tools/chemdb_ontology?abbrev=PS 42:8
860.5421	860.5412	.0009	PS 40:5	C46H80NO10PNa	[M+Na]+	https://lipidmaps.org/resources/tools/chemdb_ontology?abbrev=PS 40:5
860.6121	860.6164	.0043	PC 42:7	C50H86NO8P	[M+H]+	https://lipidmaps.org/resources/tools/chemdb_ontology?abbrev=PC 42:7
860.6121	860.6140	.0019	PC 40:4	C48H88NO8PNa	[M+Na]+	https://lipidmaps.org/resources/tools/chemdb_ontology?abbrev=PC 40:4
860.6121	860.6140	.0019	PE 43:4	C48H88NO8PNa	[M+Na]+	https://lipidmaps.org/resources/tools/chemdb_ontology?abbrev=PE 43:4
861.66705	861.6579	.0091	PG 42:1	C48H93O10P	[M+H]+	https://lipidmaps.org/resources/tools/chemdb_ontology?abbrev=PG 42:1
862.55707	862.5593	.0022	PS 42:7	C48H80NO10P	[M+H]+	https://lipidmaps.org/resources/tools/chemdb_ontology?abbrev=PS 42:7
862.55707	862.5569	.0002	PS 40:4	C46H82NO10PNa	[M+Na]+	https://lipidmaps.org/resources/tools/chemdb_ontology?abbrev=PS 40:4
863.682	863.6736	.0084	PG 42:0	C48H95O10P	[M+H]+	https://lipidmaps.org/resources/tools/chemdb_ontology?abbrev=PG 42:0
864.56696	864.5749	.0079	PS 42:6	C48H82NO10P	[M+H]+	https://lipidmaps.org/resources/tools/chemdb_ontology?abbrev=PS 42:6
864.56696	864.5725	.0055	PS 40:3	C46H84NO10PNa	[M+Na]+	https://lipidmaps.org/resources/tools/chemdb_ontology?abbrev=PS 40:3
866.58185	866.5906	.0087	PS 42:5	C48H84NO10P	[M+H]+	https://lipidmaps.org/resources/tools/chemdb_ontology?abbrev=PS 42:5
866.58185	866.5882	.0063	PS 40:2	C46H86NO10PNa	[M+Na]+	https://lipidmaps.org/resources/tools/chemdb_ontology?abbrev=PS 40:2
868.5268	868.5253	.0015	PC 40:8	C48H80NO8PK	[M+K]+	https://lipidmaps.org/resources/tools/chemdb_ontology?abbrev=PC 40:8
870.5367	870.5410	.0043	PC 40:7	C48H82NO8PK	[M+K]+	https://lipidmaps.org/resources/tools/chemdb_ontology?abbrev=PC 40:7
871.7066	871.7151	.0085	TG 50:1	C53H100O6K	[M+K]+	https://lipidmaps.org/resources/tools/chemdb_ontology?abbrev=TG 50:1
872.48157	872.4838	.0023	PS 40:7	C46H76NO10PK	[M+K]+	https://lipidmaps.org/resources/tools/chemdb_ontology?abbrev=PS 40:7
872.5566	872.5566	.0000	PC 40:6	C48H84NO8PK	[M+K]+	https://lipidmaps.org/resources/tools/chemdb_ontology?abbrev=PC 40:6
872.5566	872.5566	.0000	PE 43:6	C48H84NO8PK	[M+K]+	https://lipidmaps.org/resources/tools/chemdb_ontology?abbrev=PE 43:6
874.4915	874.4995	.0080	PS 40:6	C46H78NO10PK	[M+K]+	https://lipidmaps.org/resources/tools/chemdb_ontology?abbrev=PS 40:6
874.5715	874.5723	.0008	PC 40:5	C48H86NO8PK	[M+K]+	https://lipidmaps.org/resources/tools/chemdb_ontology?abbrev=PC 40:5
874.7315	874.7259	.0056	PC 42:0	C50H100NO8P	[M+H]+	https://lipidmaps.org/resources/tools/chemdb_ontology?abbrev=PC 42:0
876.5864	876.5879	.0015	PC 40:4	C48H88NO8PK	[M+K]+	https://lipidmaps.org/resources/tools/chemdb_ontology?abbrev=PC 40:4
876.5864	876.5879	.0015	PE 43:4	C48H88NO8PK	[M+K]+	https://lipidmaps.org/resources/tools/chemdb_ontology?abbrev=PE 43:4
878.5263	878.5308	.0045	PS 40:4	C46H82NO10PK	[M+K]+	https://lipidmaps.org/resources/tools/chemdb_ontology?abbrev=PS 40:4
879.73627	879.7436	.0073	TG 54:6	C57H98O6	[M+H]+	https://lipidmaps.org/resources/tools/chemdb_ontology?abbrev=TG 54:6
879.73627	879.7412	.0049	TG 52:3	C55H100O6Na	[M+Na]+	https://lipidmaps.org/resources/tools/chemdb_ontology?abbrev=TG 52:3
880.5462	880.5464	.0002	PS 40:3	C46H84NO10PK	[M+K]+	https://lipidmaps.org/resources/tools/chemdb_ontology?abbrev=PS 40:3
881.75116	881.7593	.0081	TG 54:5	C57H100O6	[M+H]+	https://lipidmaps.org/resources/tools/chemdb_ontology?abbrev=TG 54:5
881.75116	881.7569	.0057	TG 52:2	C55H102O6Na	[M+Na]+	https://lipidmaps.org/resources/tools/chemdb_ontology?abbrev=TG 52:2
882.56116	882.5621	.0009	PS 40:2	C46H86NO10PK	[M+K]+	https://lipidmaps.org/resources/tools/chemdb_ontology?abbrev=PS 40:2
883.77106	883.7749	.0039	TG 54:4	C57H102O6	[M+H]+	https://lipidmaps.org/resources/tools/chemdb_ontology?abbrev=TG 54:4
883.77106	883.7725	.0014	TG 52:1	C55H104O6Na	[M+Na]+	https://lipidmaps.org/resources/tools/chemdb_ontology?abbrev=TG 52:1
885.666	885.6579	.0081	PG 44:3	C50H93O10P	[M+H]+	https://lipidmaps.org/resources/tools/chemdb_ontology?abbrev=PG 44:3
886.59595	886.5934	.0026	PS 40:0	C46H90NO10PK	[M+K]+	https://lipidmaps.org/resources/tools/chemdb_ontology?abbrev=PS 40:0
895.69055	895.6810	.0095	TG 56:12	C59H90O6	[M+H]+	https://lipidmaps.org/resources/tools/chemdb_ontology?abbrev=TG 56:12
896.48047	896.4838	.0034	PS 42:9	C48H76NO10PK	[M+K]+	https://lipidmaps.org/resources/tools/chemdb_ontology?abbrev=PS 42:9
896.7155	896.7103	.0052	PC 44:3	C52H98NO8P	[M+H]+	https://lipidmaps.org/resources/tools/chemdb_ontology?abbrev=PC 44:3
896.7155	896.7079	.0076	PC 42:0	C50H100NO8PNa	[M+Na]+	https://lipidmaps.org/resources/tools/chemdb_ontology?abbrev=PC 42:0
897.72546	897.7308	.0053	TG 52:2	C55H102O6K	[M+K]+	https://lipidmaps.org/resources/tools/chemdb_ontology?abbrev=TG 52:2
902.7652	902.7572	.0080	PC 44:0	C52H104NO8P	[M+H]+	https://lipidmaps.org/resources/tools/chemdb_ontology?abbrev=PC 44:0
911.6798	911.6712	.0086	PG 44:1	C50H97O10PNa	[M+Na]+	https://lipidmaps.org/resources/tools/chemdb_ontology?abbrev=PG 44:1
912.68976	912.6818	.0080	PC 42:0	C50H100NO8PK	[M+K]+	https://lipidmaps.org/resources/tools/chemdb_ontology?abbrev=PC 42:0